,Cond.,Rho,HetInd,a.p.cs,b.s,K,Nbar,postVar,Method,a.para,cp.para,b.para,beta1.para,a.bias,cp.bias,b.bias,ab.bias,beta1.bias,a.Ebias,cp.Ebias,b.Ebias,ab.Ebias,beta1.Ebias,a.empSE,cp.empSE,b.empSE,beta1.empSE,a.meanSE,cp.meanSE,b.meanSE,beta1.meanSE,a.seRbias,cp.seRbias,b.seRbias,beta1.seRbias,a.CoverageRate,cp.CoverageRate,b.CoverageRate,beta1.CoverageRate,ab.CoverageRate,a.power,a.typeIerror,cp.power,cp.typeIerror,b.power,b.typeIerror,beta1.power,beta1.typeIerror,ab.power,ab.typeIerror,ConvergenceRate,posDefRate
1,Cond97,0.45,0,0,0,5,80,1,CSMMA,0,0.3,0,0.1,0.001369413,-0.005189149,0.00248979,-0.000545022,0.0005027,0.001369413,-0.008648582,0.00248979,-0.000545022,0.005026998,0.056909439,0.062292486,0.054816447,0.075182963,0.058319716,0.060317877,0.05702734,0.070525188,0.024781059,-0.031699005,0.040332668,-0.061952522,0.92931197,0.941564562,0.952874647,0.953817154,1,NA,0.07068803,0.985862394,NA,NA,0.047125353,0.409048068,NA,NA,0.000942507,1,0.2122
2,Cond98,0.45,0,0,0.3,5,80,1,CSMMA,0,0.3,0.3,0.1,-0.00132832,-0.011498466,-0.003987706,-0.0005091,-0.005355671,-0.00132832,-0.01916411,-0.013292354,-0.0005091,-0.053556714,0.053480316,0.061113061,0.049413823,0.076641857,0.057924705,0.05976349,0.053315476,0.069020265,0.083103282,-0.022083184,0.07895874,-0.099444253,0.953818828,0.945825933,0.95026643,0.95026643,1,NA,0.046181172,0.976909414,NA,0.999111901,NA,0.388987567,NA,NA,0.029307282,1,0.2252
3,Cond99,0.45,0,0.6,0,5,80,1,CSMMA,0.3,0.3,0,0.1,-0.015937815,-0.002667844,0.000717739,7.73076220345314e-06,0.000742725,-0.026563026,-0.004446406,0.000717739,7.73076220345314e-06,0.007427249,0.051072119,0.067290535,0.056876244,0.085297616,0.053145474,0.063497759,0.060851251,0.07122081,0.040596613,-0.056364181,0.069888712,-0.165031651,0.951438849,0.946942446,0.958633094,0.928956835,1,0.997302158,NA,0.978417266,NA,NA,0.041366906,0.399280576,NA,NA,0.027877698,1,0.2224
4,Cond100,0.45,0,0.6,0.3,5,80,1,CSMMA,0.3,0.3,0.3,0.1,-0.003970037,-0.002546764,-0.002691207,-0.003086957,-0.002309769,-0.006616729,-0.004244606,-0.008970689,-0.017149762,-0.023097691,0.049428802,0.058168058,0.053368758,0.067761331,0.053095794,0.059130209,0.054181871,0.065236611,0.074187349,0.016540886,0.015235754,-0.037259009,0.960582691,0.94344473,0.935732648,0.958868895,0.998286204,0.999143102,NA,0.988860326,NA,0.997429306,NA,0.426735219,NA,0.99571551,NA,1,0.2334
5,Cond101,0.9,0,0,0,5,80,1,CSMMA,0,0.3,0,0.1,0.011441447,-0.015133201,0.003439597,-0.000231625,0.003101278,0.011441447,-0.025222002,0.003439597,-0.000231625,0.031012778,0.052982067,0.062888204,0.054171583,0.084582015,0.05854554,0.059825565,0.057358363,0.072514585,0.105006711,-0.048699731,0.058827527,-0.142671346,0.954248366,0.930905696,0.945845005,0.941176471,1,NA,0.045751634,0.97665733,NA,NA,0.054154995,0.400560224,NA,NA,0,1,0.2142
6,Cond102,0.9,0,0,0.3,5,80,1,CSMMA,0,0.3,0.3,0.1,-0.001653057,-0.010056651,-0.003295602,-0.000853898,-0.002204641,-0.001653057,-0.016761084,-0.010985339,-0.000853898,-0.022046408,0.053566043,0.060445559,0.049119445,0.076825543,0.058593914,0.058798231,0.053379372,0.070527487,0.093863035,-0.027253084,0.086725882,-0.081978669,0.956747405,0.942041522,0.952422145,0.94550173,1,NA,0.043252595,0.984429066,NA,0.999134948,NA,0.391868512,NA,NA,0.026816609,1,0.2312
7,Cond103,0.9,0,0.6,0,5,80,1,CSMMA,0.3,0.3,0,0.1,-0.010657014,-0.009443183,0.002295358,0.00123756,-0.003047498,-0.017761691,-0.015738638,0.002295358,0.00123756,-0.030474984,0.049078588,0.063288192,0.059508589,0.078069662,0.053235748,0.063357953,0.061227981,0.07272909,0.084704142,0.00110227,0.028893183,-0.068407775,0.961672474,0.952961672,0.93989547,0.943379791,1,0.99912892,NA,0.975609756,NA,NA,0.06010453,0.3728223,NA,NA,0.046167247,1,0.2296
8,Cond104,0.9,0,0.6,0.3,5,80,1,CSMMA,0.3,0.3,0.3,0.1,-0.009553477,-0.009733404,-0.001642732,-0.003912175,0.001175085,-0.015922462,-0.016222341,-0.005475775,-0.021734308,0.011750848,0.049511559,0.060053204,0.05189035,0.077321639,0.05358065,0.059350542,0.054864563,0.065009187,0.08218465,-0.011700649,0.057317264,-0.15923682,0.956663941,0.937040065,0.942763696,0.94521668,0.998364677,0.999182339,NA,0.981193786,NA,0.999182339,NA,0.439084219,NA,0.995911693,NA,1,0.2446
9,Cond105,0.45,0,0,0,5,120,1,CSMMA,0,0.3,0,0.1,0.002868007,-0.006994035,0.002452377,-0.000217589,-0.002728136,0.002868007,-0.011656725,0.002452377,-0.000217589,-0.027281358,0.047000719,0.052873668,0.045510861,0.072630034,0.048739743,0.050170434,0.048065289,0.061233334,0.036999944,-0.051126286,0.056127863,-0.156914429,0.940191388,0.932216906,0.953748006,0.939393939,1,NA,0.059808612,0.990430622,NA,NA,0.046251994,0.503189793,NA,NA,0,1,0.2508
10,Cond106,0.45,0,0,0.3,5,120,1,CSMMA,0,0.3,0.3,0.1,0.002100211,-0.006849659,-0.002137034,0.00024867,-0.001737058,0.002100211,-0.011416098,-0.007123446,0.00024867,-0.017370576,0.045711944,0.05132976,0.042402566,0.064436134,0.04844372,0.048859422,0.044987255,0.057363299,0.059760672,-0.048126815,0.060955945,-0.109765035,0.950194553,0.938521401,0.949416342,0.949416342,1,NA,0.049805447,0.992996109,NA,1,NA,0.515953307,NA,NA,0.037354086,1,0.257
11,Cond107,0.45,0,0.6,0,5,120,1,CSMMA,0.3,0.3,0,0.1,-0.003197363,-0.007358433,-0.001033077,-0.000953234,0.000936573,-0.005328938,-0.012264055,-0.001033077,-0.000953234,0.009365728,0.043652763,0.055168541,0.049104774,0.066676797,0.045017894,0.053396863,0.051315581,0.060051433,0.031272499,-0.032113921,0.045022231,-0.099365365,0.939759036,0.944578313,0.944578313,0.937349398,1,1,NA,0.98875502,NA,NA,0.055421687,0.506827309,NA,NA,0.044176707,1,0.249
12,Cond108,0.45,0,0.6,0.3,5,120,1,CSMMA,0.3,0.3,0.3,0.1,-0.002641751,-0.011366271,-0.002017702,-0.002189513,-0.000742571,-0.004402918,-0.018943785,-0.006725673,-0.012163959,-0.007425712,0.043521548,0.052381647,0.045615857,0.061984836,0.044958212,0.049977386,0.04621739,0.054478707,0.033010398,-0.045898918,0.01318694,-0.121096211,0.944094488,0.939370079,0.938582677,0.928346457,0.998425197,1,NA,0.98976378,NA,1,NA,0.563779528,NA,1,NA,1,0.254
13,Cond109,0.9,0,0,0,5,120,1,CSMMA,0,0.3,0,0.1,-0.002176973,-0.007482321,0.002639975,-0.000170147,-0.001115738,-0.002176973,-0.012470534,0.002639975,-0.000170147,-0.011157383,0.047058692,0.052954018,0.04551871,0.066538966,0.048645384,0.050035715,0.048048446,0.058167956,0.033717315,-0.055110129,0.055575742,-0.125806137,0.945003873,0.93958172,0.955073586,0.942680093,1,NA,0.054996127,0.99302866,NA,NA,0.044926414,0.499612703,NA,NA,0,1,0.2582
14,Cond110,0.9,0,0,0.3,5,120,1,CSMMA,0,0.3,0.3,0.1,0.002538984,-0.007756704,-0.002999867,0.000344415,-0.000193986,0.002538984,-0.012927841,-0.009999558,0.000344415,-0.001939858,0.045142712,0.051062681,0.042471004,0.067855674,0.048417794,0.048722315,0.044570578,0.057562932,0.072549523,-0.045833201,0.04943547,-0.151685792,0.95035461,0.936170213,0.935382191,0.944050433,1,NA,0.04964539,0.992119779,NA,1,NA,0.530338849,NA,NA,0.038613081,1,0.2538
15,Cond111,0.9,0,0.6,0,5,120,1,CSMMA,0.3,0.3,0,0.1,-0.003405445,-0.011387469,0.003394169,0.001576649,-0.001718741,-0.005675741,-0.018979115,0.003394169,0.001576649,-0.01718741,0.043787079,0.05564342,0.049479106,0.076002352,0.044758301,0.053696715,0.051657911,0.061281462,0.022180559,-0.034985363,0.044034855,-0.193689928,0.940905602,0.936300844,0.940905602,0.926323868,1,0.998465081,NA,0.986185725,NA,NA,0.059094398,0.485034536,NA,NA,0.050652341,1,0.2606
16,Cond112,0.9,0,0.6,0.3,5,120,1,CSMMA,0.3,0.3,0.3,0.1,-0.006135195,-0.005195092,-0.001714353,-0.002941164,-0.000663973,-0.010225325,-0.008658486,-0.00571451,-0.016339798,-0.006639732,0.043702049,0.052394292,0.045556783,0.061964247,0.045309357,0.050467296,0.046191838,0.055822253,0.03677879,-0.036778742,0.01393986,-0.099121582,0.94913928,0.941314554,0.939749609,0.938967136,0.99687011,0.999217527,NA,0.990610329,NA,1,NA,0.540688576,NA,0.999217527,NA,1,0.2556
17,Cond113,0.45,0,0,0,10,80,1,CSMMA,0,0.3,0,0.1,0.000578084,-0.009657857,-0.001008405,-0.000207467,-0.002222399,0.000578084,-0.016096428,-0.001008405,-0.000207467,-0.022223991,0.038770201,0.037275467,0.037691672,0.042752163,0.040429214,0.038529184,0.039785235,0.042043582,0.04279092,0.033633821,0.055544442,-0.016574139,0.953134153,0.9466901,0.953134153,0.950205038,1,NA,0.046865847,1,NA,NA,0.046865847,0.663737551,NA,NA,0,1,0.3414
18,Cond114,0.45,0,0,0.3,10,80,1,CSMMA,0,0.3,0.3,0.1,0.000403571,-0.007354215,-0.002537869,-8.59E-05,-0.000944739,0.000403571,-0.012257025,-0.008459564,-8.59E-05,-0.009447389,0.040313554,0.037073485,0.035492253,0.041092625,0.040196953,0.037327731,0.03669603,0.040226523,-0.002892346,0.006857895,0.0339166,-0.021076819,0.941176471,0.949095023,0.946832579,0.946832579,1,NA,0.058823529,1,NA,1,NA,0.705316742,NA,NA,0.05260181,1,0.3536
19,Cond115,0.45,0,0.6,0,10,80,1,CSMMA,0.3,0.3,0,0.1,-0.005879102,-0.009046975,0.00227799,0.001157799,-0.001971877,-0.009798503,-0.015078291,0.00227799,0.001157799,-0.019718769,0.035240743,0.040893535,0.040134276,0.044249138,0.037056277,0.041284173,0.042344648,0.042388399,0.051518039,0.009552564,0.055074418,-0.04205141,0.957395009,0.940353013,0.954960438,0.944004869,1,1,NA,1,NA,NA,0.045039562,0.673158856,NA,NA,0.041387705,1,0.3286
20,Cond116,0.45,0,0.6,0.3,10,80,1,CSMMA,0.3,0.3,0.3,0.1,-0.002815008,-0.00326967,-0.0021919,-0.002209554,-0.001591852,-0.00469168,-0.005449451,-0.007306332,-0.012275298,-0.01591852,0.035836287,0.038532019,0.037667067,0.039421281,0.036788457,0.038291913,0.037766442,0.037532883,0.026569992,-0.006231349,0.002638254,-0.047903004,0.940921409,0.938753388,0.943631436,0.940921409,0.999457995,1,NA,0.999457995,NA,1,NA,0.745257453,NA,1,NA,1,0.369
21,Cond117,0.9,0,0,0,10,80,1,CSMMA,0,0.3,0,0.1,4.40210251570244e-05,-0.010527389,-0.000496799,-0.00014399,-0.002127122,4.40210251570244e-05,-0.017545648,-0.000496799,-0.00014399,-0.021271218,0.039362578,0.038074965,0.038781015,0.043135099,0.04058895,0.03844527,0.039774129,0.041584501,0.031155777,0.0097257,0.025608232,-0.035947489,0.940582294,0.949494949,0.950683304,0.942959002,1,NA,0.059417706,0.999405823,NA,NA,0.049316696,0.687462864,NA,NA,0.000594177,1,0.3366
22,Cond118,0.9,0,0,0.3,10,80,1,CSMMA,0,0.3,0.3,0.1,-0.000188744,-0.005565307,-0.002233794,-0.000353225,-0.000900705,-0.000188744,-0.009275511,-0.007445979,-0.000353225,-0.009007054,0.038446236,0.036486204,0.035526134,0.040954636,0.03997481,0.037098997,0.036532718,0.039745238,0.039758737,0.016795214,0.02833362,-0.029530177,0.950140056,0.946778711,0.95070028,0.946778711,1,NA,0.049859944,1,NA,1,NA,0.712044818,NA,NA,0.03977591,1,0.357
23,Cond119,0.9,0,0.6,0,10,80,1,CSMMA,0.3,0.3,0,0.1,-0.009135251,-0.009871351,0.003803532,0.001886302,-0.001151918,-0.015225418,-0.016452252,0.003803532,0.001886302,-0.011519176,0.036485905,0.041389168,0.040660367,0.042369662,0.036847602,0.041124968,0.042484856,0.04177235,0.009913335,-0.006383295,0.044871411,-0.014097629,0.95,0.94,0.953529412,0.951764706,1,1,NA,1,NA,NA,0.046470588,0.695294118,NA,NA,0.04,1,0.34
24,Cond120,0.9,0,0.6,0.3,10,80,1,CSMMA,0.3,0.3,0.3,0.1,-0.008183306,-0.004425595,-0.001736866,-0.00351008,0.000341565,-0.013638844,-0.007375992,-0.005789555,-0.019500443,0.003415646,0.035380056,0.037583228,0.037786337,0.037888749,0.036865067,0.03839255,0.037648975,0.037529575,0.041973114,0.021534119,-0.003635221,-0.009479696,0.951494642,0.943598421,0.934010152,0.952058658,0.998307953,1,NA,1,NA,1,NA,0.765933446,NA,1,NA,1,0.3546
25,Cond121,0.45,0,0,0,10,120,1,CSMMA,0,0.3,0,0.1,-0.000638854,-0.002444591,0.000455538,-0.000166245,0.001077875,-0.000638854,-0.004074318,0.000455538,-0.000166245,0.010778749,0.03167106,0.031968845,0.032633769,0.034589726,0.033913514,0.032133505,0.033350802,0.034725857,0.070804498,0.005150622,0.021972111,0.003935589,0.954392703,0.94431109,0.951992319,0.95631301,1,NA,0.045607297,1,NA,NA,0.048007681,0.815170427,NA,NA,0,1,0.4166
26,Cond122,0.45,0,0,0.3,10,120,1,CSMMA,0,0.3,0.3,0.1,-0.000841943,-0.006795621,-0.000988061,-0.000451006,-3.65E-05,-0.000841943,-0.011326035,-0.003293538,-0.000451006,-0.000364808,0.033447217,0.031250565,0.029980571,0.034630182,0.033475721,0.03152563,0.030733097,0.03384764,0.000852206,0.008801928,0.025100448,-0.022597131,0.936685289,0.943668529,0.942271881,0.94320298,1,NA,0.063314711,1,NA,1,NA,0.824953445,NA,NA,0.055400372,1,0.4296
27,Cond123,0.45,0,0.6,0,10,120,1,CSMMA,0.3,0.3,0,0.1,-0.004911889,-0.00912452,0.001968244,0.000988461,0.000612002,-0.008186481,-0.015207534,0.001968244,0.000988461,0.006120016,0.030154912,0.034116014,0.034700265,0.037408977,0.030995938,0.034349259,0.035422476,0.035095386,0.027890185,0.006836826,0.020812821,-0.061845888,0.948291367,0.947841727,0.946043165,0.943794964,1,1,NA,1,NA,NA,0.053956835,0.799010791,NA,NA,0.052607914,1,0.4448
28,Cond124,0.45,0,0.6,0.3,10,120,1,CSMMA,0.3,0.3,0.3,0.1,-0.002811866,-0.000564071,-0.000710188,-0.001383408,-0.000999124,-0.004686443,-0.000940118,-0.002367295,-0.007685598,-0.009991244,0.030717225,0.032665198,0.032687178,0.033667677,0.031123566,0.032299718,0.031901357,0.031626435,0.013228437,-0.011188663,-0.024040649,-0.06062915,0.949002217,0.936585366,0.93481153,0.93037694,1,1,NA,1,NA,1,NA,0.851884701,NA,1,NA,1,0.451
29,Cond125,0.9,0,0,0,10,120,1,CSMMA,0,0.3,0,0.1,-0.000952784,-0.004969175,0.000147024,-0.000277205,0.000833383,-0.000952784,-0.008281958,0.000147024,-0.000277205,0.008333829,0.033090386,0.031920461,0.032939444,0.037084274,0.033806295,0.032272769,0.033528838,0.03557635,0.021634945,0.011037045,0.017893258,-0.040662076,0.950504565,0.940893801,0.949062951,0.937530034,1,NA,0.049495435,1,NA,NA,0.050937049,0.802979337,NA,NA,0.000480538,1,0.4162
30,Cond126,0.9,0,0,0.3,10,120,1,CSMMA,0,0.3,0.3,0.1,0.000944401,-0.005060225,-0.002397891,0.000119678,-0.000231609,0.000944401,-0.008433709,-0.00799297,0.000119678,-0.00231609,0.032213723,0.031671524,0.029664327,0.036151881,0.033469408,0.031100526,0.030910028,0.033647415,0.038979832,-0.018028762,0.041993263,-0.069276236,0.943809959,0.939698492,0.946094107,0.94243947,1,NA,0.056190041,1,NA,1,NA,0.819095477,NA,NA,0.051164915,1,0.4378
31,Cond127,0.9,0,0.6,0,10,120,1,CSMMA,0.3,0.3,0,0.1,-0.004154798,-0.004353867,-0.000513684,-0.0005179,0.00015669,-0.006924664,-0.007256445,-0.000513684,-0.0005179,0.001566897,0.030017851,0.034331635,0.035658364,0.035491778,0.030921028,0.034329688,0.035420919,0.034652813,0.030087997,-5.67E-05,-0.006658894,-0.023638314,0.949197861,0.9442959,0.937165775,0.945187166,1,1,NA,1,NA,NA,0.062834225,0.824420677,NA,NA,0.056149733,1,0.4488
32,Cond128,0.9,0,0.6,0.3,10,120,1,CSMMA,0.3,0.3,0.3,0.1,-0.003486185,-0.005089901,0.001150689,-0.000422316,-0.000131241,-0.005810308,-0.008483169,0.003835631,-0.002346198,-0.001312409,0.030460438,0.032685681,0.03072587,0.034079596,0.031071441,0.032325241,0.031790831,0.031915318,0.02005889,-0.011027468,0.034660064,-0.063506554,0.944469125,0.936028432,0.948023101,0.934695691,0.999111506,1,NA,1,NA,1,NA,0.84451355,NA,1,NA,1,0.4502
33,Cond129,0.45,0,0,0,30,80,1,CSMMA,0,0.3,0,0.1,-0.000860779,-0.005985491,-0.000668094,-8.39E-05,-0.001085265,-0.000860779,-0.009975819,-0.000668094,-8.39E-05,-0.010852652,0.022382265,0.02090215,0.022199582,0.021319795,0.022654782,0.020879823,0.022223068,0.021335228,0.01217561,-0.001068196,0.001057961,0.000723883,0.950549451,0.945741758,0.948832418,0.949175824,1,NA,0.049450549,1,NA,NA,0.051167582,0.988667582,NA,NA,0,1,0.5824
34,Cond130,0.45,0,0,0.3,30,80,1,CSMMA,0,0.3,0.3,0.1,-0.000411798,-0.006819052,-0.002395393,-0.000219068,-0.000488549,-0.000411798,-0.011365087,-0.007984644,-0.000219068,-0.004885489,0.022861119,0.020018931,0.020895764,0.020610128,0.022513049,0.020193745,0.02051483,0.02061959,-0.015225375,0.008732407,-0.01823022,0.000459108,0.942622951,0.944590164,0.945245902,0.946557377,1,NA,0.057377049,1,NA,1,NA,0.992131148,NA,NA,0.054754098,1,0.61
35,Cond131,0.45,0,0.6,0,30,80,1,CSMMA,0.3,0.3,0,0.1,-0.007137081,-0.007210055,0.001826484,0.001034656,-0.000981677,-0.011895135,-0.012016758,0.001826484,0.001034656,-0.00981677,0.020533141,0.022059317,0.023383274,0.020873892,0.020765284,0.022390607,0.023542189,0.021531477,0.011305771,0.015018138,0.006796084,0.031502714,0.945963756,0.946293245,0.944975288,0.952224053,1,1,NA,1,NA,NA,0.055024712,0.986490939,NA,NA,0.053047776,1,0.607
36,Cond132,0.45,0,0.6,0.3,30,80,1,CSMMA,0.3,0.3,0.3,0.1,-0.004824643,-0.00571492,-0.001000269,-0.002061761,-0.000577163,-0.008041071,-0.009524867,-0.00333423,-0.011454229,-0.005771635,0.020656979,0.020907647,0.021667329,0.019115844,0.020746164,0.021018761,0.021285141,0.019254351,0.00431746,0.00531449,-0.017638875,0.007245647,0.941358025,0.944135802,0.941975309,0.945679012,0.999074074,1,NA,1,NA,1,NA,0.997530864,NA,1,NA,1,0.648
37,Cond133,0.9,0,0,0,30,80,1,CSMMA,0,0.3,0,0.1,-0.000279521,-0.006000868,0.000384182,-0.000119441,-0.001256703,-0.000279521,-0.010001447,0.000384182,-0.000119441,-0.012567035,0.022760383,0.020438628,0.022189779,0.021142393,0.022684173,0.020858058,0.022193472,0.021466212,-0.00334837,0.020521428,0.000166424,0.015316124,0.945539592,0.951219512,0.948546609,0.952890077,1,NA,0.054460408,1,NA,NA,0.051453391,0.988974273,NA,NA,0,1,0.5986
38,Cond134,0.9,0,0,0.3,30,80,1,CSMMA,0,0.3,0.3,0.1,0.000886384,-0.005267111,-0.003022048,0.000191325,-0.000896998,0.000886384,-0.008778518,-0.010073492,0.000191325,-0.008969983,0.02258363,0.020718372,0.020898482,0.020208721,0.022583061,0.020201343,0.020553483,0.02052901,-2.52E-05,-0.024955091,-0.016508344,0.015849052,0.952605042,0.942521008,0.940168067,0.947226891,1,NA,0.047394958,1,NA,1,NA,0.992268908,NA,NA,0.045714286,1,0.595
39,Cond135,0.9,0,0.6,0,30,80,1,CSMMA,0.3,0.3,0,0.1,-0.005590059,-0.006509011,0.000908174,0.000495774,-0.000403623,-0.009316765,-0.010848352,0.000908174,0.000495774,-0.004036226,0.019872546,0.021933514,0.022949335,0.021187507,0.020697371,0.022359645,0.023641948,0.021408252,0.041505766,0.019428315,0.030180123,0.010418648,0.953871499,0.94892916,0.952553542,0.947940692,0.999670511,1,NA,1,NA,NA,0.047446458,0.989785832,NA,NA,0.044810544,1,0.607
40,Cond136,0.9,0,0.6,0.3,30,80,1,CSMMA,0.3,0.3,0.3,0.1,-0.00689286,-0.004544368,-0.000266329,-0.002277139,-0.000904143,-0.0114881,-0.007573947,-0.000887764,-0.01265077,-0.009041425,0.020290226,0.021389902,0.020928828,0.019575745,0.020818626,0.020966458,0.021205329,0.019126236,0.026042081,-0.019796399,0.013211475,-0.02296256,0.9437014,0.93903577,0.948678072,0.942768274,1,1,NA,1,NA,1,NA,0.99688958,NA,1,NA,1,0.643
41,Cond137,0.45,0,0,0,30,120,1,CSMMA,0,0.3,0,0.1,0.001490535,-0.004126981,4.78533578732116e-06,-4.21E-05,-0.000374029,0.001490535,-0.006878301,4.78533578732116e-06,-4.21E-05,-0.003740295,0.019361171,0.017838544,0.018471355,0.018224697,0.019009086,0.017576637,0.018700757,0.018042382,-0.018185133,-0.014682077,0.012419315,-0.010003748,0.938509493,0.940209691,0.94814395,0.948710683,1,NA,0.061490507,1,NA,NA,0.05185605,0.998299802,NA,NA,0,1,0.7058
42,Cond138,0.45,0,0,0.3,30,120,1,CSMMA,0,0.3,0.3,0.1,0.001277851,-0.003742505,-0.001345566,0.000331162,-0.000451976,0.001277851,-0.006237509,-0.00448522,0.000331162,-0.004519756,0.019167166,0.017276871,0.017529136,0.017738894,0.018913697,0.017181666,0.017375844,0.017469147,-0.013224096,-0.005510561,-0.00874497,-0.015206548,0.942888523,0.940417353,0.939868204,0.945634267,1,NA,0.057111477,1,NA,1,NA,0.998901702,NA,NA,0.056562328,1,0.7284
43,Cond139,0.45,0,0.6,0,30,120,1,CSMMA,0.3,0.3,0,0.1,-0.00365373,-0.005017296,0.001159063,0.000626949,-0.000438734,-0.006089549,-0.00836216,0.001159063,0.000626949,-0.004387343,0.017941896,0.018981222,0.019990081,0.017866009,0.017425012,0.018960987,0.019972663,0.018061592,-0.028808808,-0.001066053,-0.000871292,0.010947232,0.939004376,0.942833698,0.947757112,0.948304158,1,1,NA,1,NA,NA,0.052242888,0.999179431,NA,NA,0.050875274,1,0.7312
44,Cond140,0.45,0,0.6,0.3,30,120,1,CSMMA,0.3,0.3,0.3,0.1,-0.00324411,-0.002760594,-0.000278171,-0.001185439,-0.000554405,-0.005406849,-0.004600989,-0.000927236,-0.006585773,-0.005544048,0.017743797,0.01845516,0.018228502,0.016707808,0.017481365,0.017886256,0.018072058,0.016287174,-0.014790052,-0.030826252,-0.0085824,-0.025175888,0.94017094,0.937154349,0.946706888,0.946204123,1,1,NA,1,NA,1,NA,0.99899447,NA,1,NA,1,0.7956
45,Cond141,0.9,0,0,0,30,120,1,CSMMA,0,0.3,0,0.1,-0.000533317,-0.004263504,-0.000335138,-3.24E-05,-0.001233117,-0.000533317,-0.00710584,-0.000335138,-3.24E-05,-0.012331166,0.019222051,0.017400045,0.018870131,0.018605502,0.019060423,0.017553722,0.018700326,0.018015523,-0.008408466,0.008832004,-0.008998606,-0.031709942,0.947353682,0.950994119,0.943713246,0.939512742,1,NA,0.052646318,1,NA,NA,0.056286754,0.996639597,NA,NA,0,1,0.7142
46,Cond142,0.9,0,0,0.3,30,120,1,CSMMA,0,0.3,0.3,0.1,-0.000252313,-0.003593267,-0.001464357,-0.000145901,-0.000300647,-0.000252313,-0.005988778,-0.004881192,-0.000145901,-0.00300647,0.018953993,0.017741672,0.01742989,0.017642564,0.019004749,0.017127874,0.017413519,0.017414412,0.00267786,-0.034596432,-0.000939218,-0.012931926,0.944609565,0.93920562,0.940826804,0.948932721,1,NA,0.055390435,1,NA,1,NA,0.998919211,NA,NA,0.053499054,1,0.7402
47,Cond143,0.9,0,0.6,0,30,120,1,CSMMA,0.3,0.3,0,0.1,-0.003070327,-0.005586429,0.001091501,0.000585404,-0.000522878,-0.005117212,-0.009310715,0.001091501,0.000585404,-0.005228785,0.017429389,0.019896774,0.019928007,0.018311096,0.017450151,0.018986495,0.020044211,0.018057228,0.001191209,-0.045750046,0.005831216,-0.013864148,0.945681695,0.928299837,0.946768061,0.944052146,1,1,NA,1,NA,NA,0.053231939,0.997555676,NA,NA,0.051059207,1,0.7364
48,Cond144,0.9,0,0.6,0.3,30,120,1,CSMMA,0.3,0.3,0.3,0.1,-0.004579164,-0.003618295,-0.000448846,-0.001669705,-0.000136578,-0.00763194,-0.006030491,-0.001496152,-0.009276137,-0.001365784,0.017552038,0.018017879,0.018238769,0.01643342,0.017596376,0.017897556,0.018171441,0.016318042,0.002526121,-0.006677967,-0.003691454,-0.007020892,0.949494949,0.946717172,0.944949495,0.941414141,0.999494949,1,NA,1,NA,1,NA,1,NA,1,NA,1,0.792
49,Cond145,0.45,0,0,0,5,80,1.5,CSMMA,0,0.3,0,0.1,0.010882609,-0.006793107,0.004764442,-0.000444413,0.000855882,0.010882609,-0.011321844,0.004764442,-0.000444413,0.00855882,0.054332283,0.064592067,0.055477549,0.082867754,0.058330519,0.061890803,0.05771198,0.072795559,0.073588585,-0.041820378,0.040276309,-0.121545406,0.957720588,0.952205882,0.946691176,0.956801471,1,NA,0.042279412,0.978860294,NA,NA,0.053308824,0.397058824,NA,NA,0,1,0.2176
50,Cond146,0.45,0,0,0.3,5,80,1.5,CSMMA,0,0.3,0.3,0.1,0.00459563,-0.008744116,-0.003712578,0.001113309,-0.00150373,0.00459563,-0.014573526,-0.012375259,0.001113309,-0.015037303,0.055141598,0.058701518,0.050033861,0.074064088,0.05775807,0.058530664,0.053433285,0.068139593,0.047450069,-0.002910546,0.067942456,-0.079991473,0.953982301,0.938938053,0.95840708,0.944247788,1,NA,0.046017699,0.988495575,NA,0.998230088,NA,0.420353982,NA,NA,0.02920354,1,0.226
51,Cond147,0.45,0,0.6,0,5,80,1.5,CSMMA,0.3,0.3,0,0.1,-0.01669023,-0.00069339,-0.00186528,-0.001353614,-0.002087124,-0.027817051,-0.001155649,-0.00186528,-0.001353614,-0.020871239,0.051291565,0.063343471,0.056300475,0.078210898,0.053368061,0.062829473,0.061124103,0.070987346,0.040484151,-0.008114452,0.085676518,-0.092359922,0.947888589,0.944294699,0.956873315,0.954177898,1,0.998203055,NA,0.982929021,NA,NA,0.043126685,0.397124888,NA,NA,0.028751123,1,0.2226
52,Cond148,0.45,0,0.6,0.3,5,80,1.5,CSMMA,0.3,0.3,0.3,0.1,-0.004856075,-0.010912097,-0.001097806,-0.002129061,0.000728762,-0.008093458,-0.018186828,-0.003659355,-0.011828116,0.007287616,0.052566981,0.060675231,0.051438341,0.067054577,0.053373799,0.060171999,0.054553654,0.065588703,0.015348374,-0.008293872,0.060564015,-0.021860912,0.944639719,0.942003515,0.944639719,0.949033392,0.998242531,0.998242531,NA,0.980667838,NA,1,NA,0.436731107,NA,0.997363796,NA,1,0.2276
53,Cond149,0.9,0,0,0,5,80,1.5,CSMMA,0,0.3,0,0.1,0.006363139,-0.019434917,0.002792578,-8.89E-05,-0.003898395,0.006363139,-0.032391528,0.002792578,-8.89E-05,-0.038983949,0.054011972,0.064944979,0.055559047,0.077523186,0.058655204,0.060551803,0.058334123,0.070308793,0.085966723,-0.067644579,0.049948229,-0.093061096,0.960339943,0.939565628,0.957507082,0.939565628,1,NA,0.039660057,0.968838527,NA,NA,0.042492918,0.386213409,NA,NA,0,1,0.2118
54,Cond150,0.9,0,0,0.3,5,80,1.5,CSMMA,0,0.3,0.3,0.1,-0.003851245,-0.009424106,-0.004791559,-0.001714126,0.001108821,-0.003851245,-0.015706843,-0.015971863,-0.001714126,0.011088214,0.054440942,0.057046562,0.050671299,0.074175779,0.058080928,0.057998307,0.05340668,0.070061893,0.066861187,0.016683656,0.053982851,-0.055461309,0.95186722,0.946887967,0.948547718,0.952697095,1,NA,0.04813278,0.984232365,NA,0.998340249,NA,0.433195021,NA,NA,0.03153527,1,0.241
55,Cond151,0.9,0,0.6,0,5,80,1.5,CSMMA,0.3,0.3,0,0.1,-0.010160044,-0.005815646,-0.002865712,-0.001721174,-0.003434284,-0.016933406,-0.009692744,-0.002865712,-0.001721174,-0.034342838,0.051154846,0.073633521,0.055659241,0.081907515,0.053300742,0.065301423,0.061156544,0.073142146,0.04194904,-0.113156323,0.098767113,-0.107015438,0.951686418,0.930720146,0.962625342,0.951686418,1,0.994530538,NA,0.970829535,NA,NA,0.037374658,0.382862352,NA,NA,0.027347311,1,0.2194
56,Cond152,0.9,0,0.6,0.3,5,80,1.5,CSMMA,0.3,0.3,0.3,0.1,0.001751662,-0.006246,-0.00517512,-0.002764355,-0.001217975,0.002919437,-0.010410001,-0.017250399,-0.015357528,-0.012179752,0.050090545,0.057975754,0.052281173,0.070218601,0.05300596,0.059165202,0.05474973,0.065090192,0.058202908,0.020516298,0.04721694,-0.073034915,0.949870354,0.945548833,0.948141746,0.948141746,0.998271392,1,NA,0.98357822,NA,0.997407087,NA,0.452895419,NA,0.997407087,NA,1,0.2314
57,Cond153,0.45,0,0,0,5,120,1.5,CSMMA,0,0.3,0,0.1,-0.005155579,-0.011017172,0.001993265,-3.59E-05,-0.00090261,-0.005155579,-0.018361954,0.001993265,-3.59E-05,-0.009026099,0.04637709,0.052097992,0.044789706,0.066813852,0.048656067,0.050192058,0.048309042,0.059555622,0.049140142,-0.036583635,0.078574663,-0.108633616,0.949286846,0.931061807,0.956418384,0.933438986,1,NA,0.050713154,0.99207607,NA,NA,0.043581616,0.484944532,NA,NA,0,1,0.2524
58,Cond154,0.45,0,0,0.3,5,120,1.5,CSMMA,0,0.3,0.3,0.1,-0.003095804,-0.007173633,-0.002980127,-0.001161096,-0.00170043,-0.003095804,-0.011956055,-0.009933757,-0.001161096,-0.017004302,0.046194672,0.050606652,0.042454989,0.067767928,0.048393038,0.048915606,0.044676993,0.057843178,0.047589174,-0.033415489,0.052337871,-0.146452015,0.946718147,0.945173745,0.944401544,0.932818533,1,NA,0.053281853,0.993050193,NA,1,NA,0.50965251,NA,NA,0.040926641,1,0.259
59,Cond155,0.45,0,0.6,0,5,120,1.5,CSMMA,0.3,0.3,0,0.1,-0.00578472,-0.004927918,0.003339695,0.001655257,0.001620806,-0.0096412,-0.008213197,0.003339695,0.001655257,0.016208061,0.042686803,0.055850281,0.048555851,0.066347824,0.044380811,0.053571422,0.051583654,0.060177844,0.039684587,-0.040802992,0.062357109,-0.092994465,0.952602953,0.939393939,0.952602953,0.935508936,1,0.999222999,NA,0.98989899,NA,NA,0.047397047,0.514374514,NA,NA,0.04040404,1,0.2574
60,Cond156,0.45,0,0.6,0.3,5,120,1.5,CSMMA,0.3,0.3,0.3,0.1,-0.00315568,-0.004397276,-0.002528897,-0.002729586,-0.001607364,-0.005259467,-0.007328793,-0.008429658,-0.015164365,-0.016073641,0.043188808,0.054416235,0.046502878,0.065453441,0.04495193,0.050794607,0.046892122,0.05707466,0.040823591,-0.066554191,0.008370327,-0.128011325,0.94648318,0.928134557,0.931192661,0.936544343,0.998470948,1,NA,0.99235474,NA,1,NA,0.536697248,NA,1,NA,1,0.2616
61,Cond157,0.9,0,0,0,5,120,1.5,CSMMA,0,0.3,0,0.1,-0.00017625,-0.013092954,0.000868965,-0.000491093,-0.000806236,-0.00017625,-0.021821591,0.000868965,-0.000491093,-0.008062361,0.048258531,0.054011491,0.047102809,0.067049872,0.048856169,0.050700272,0.048363905,0.060166029,0.012384105,-0.061305835,0.026773266,-0.102667504,0.938809723,0.927912825,0.943000838,0.945515507,1,NA,0.061190277,0.98575021,NA,NA,0.056999162,0.497904443,NA,NA,0.000838223,1,0.2386
62,Cond158,0.9,0,0,0.3,5,120,1.5,CSMMA,0,0.3,0.3,0.1,0.001803644,-0.004847374,-0.000683402,0.000319862,-0.003636251,0.001803644,-0.008078957,-0.002278005,0.000319862,-0.036362506,0.047043593,0.051652816,0.04228296,0.064511385,0.048311657,0.049001298,0.044753494,0.057508929,0.026955088,-0.051333459,0.058428614,-0.108546057,0.949329359,0.928464978,0.950819672,0.929210134,1,NA,0.050670641,0.989567809,NA,1,NA,0.494038748,NA,NA,0.041728763,1,0.2684
63,Cond159,0.9,0,0.6,0,5,120,1.5,CSMMA,0.3,0.3,0,0.1,-0.008452846,-0.007990517,0.002259383,0.001251285,0.000602212,-0.014088077,-0.013317529,0.002259383,0.001251285,0.006022116,0.041913536,0.054741663,0.048167482,0.06901257,0.04475693,0.05289557,0.051947234,0.060010155,0.067839508,-0.033723724,0.078471028,-0.130446024,0.947407964,0.930879038,0.944402705,0.94365139,0.999248685,1,NA,0.992486852,NA,NA,0.055597295,0.516904583,NA,NA,0.045830203,1,0.2662
64,Cond160,0.9,0,0.6,0.3,5,120,1.5,CSMMA,0.3,0.3,0.3,0.1,-0.009401864,-0.003589293,-0.001635543,-0.003922597,3.71792878225604e-07,-0.015669774,-0.005982154,-0.005451809,-0.021792203,3.71792878220423e-06,0.04267859,0.053595398,0.046519844,0.064356477,0.044943536,0.050198791,0.046343384,0.055623219,0.053069849,-0.063374978,-0.00379321,-0.135701314,0.950819672,0.930700447,0.935171386,0.956780924,0.998509687,1,NA,0.989567809,NA,0.999254844,NA,0.556631893,NA,0.999254844,NA,1,0.2684
65,Cond161,0.45,0,0,0,10,80,1.5,CSMMA,0,0.3,0,0.1,-0.000903469,-0.008471693,0.000380061,-0.000131857,-0.001629261,-0.000903469,-0.014119488,0.000380061,-0.000131857,-0.016292608,0.039049744,0.038678092,0.037446739,0.04204576,0.040595854,0.038781688,0.039959007,0.042307937,0.039593326,0.002678398,0.067089099,0.006235516,0.953341014,0.94297235,0.958525346,0.953917051,1,NA,0.046658986,1,NA,NA,0.041474654,0.65437788,NA,NA,0,1,0.3472
66,Cond162,0.45,0,0,0.3,10,80,1.5,CSMMA,0,0.3,0.3,0.1,0.000769603,-0.01068725,-0.002242307,6.11549118618317e-05,-0.000718195,0.000769603,-0.017812083,-0.007474358,6.11549118618317e-05,-0.007181948,0.039095885,0.036789804,0.035700196,0.039824963,0.040142237,0.037711998,0.036619586,0.040812175,0.026763736,0.025066564,0.025753063,0.024788764,0.951181912,0.955806783,0.94655704,0.954779034,1,NA,0.048818088,1,NA,1,NA,0.690647482,NA,NA,0.040596095,1,0.3892
67,Cond163,0.45,0,0.6,0,10,80,1.5,CSMMA,0.3,0.3,0,0.1,-0.009051859,-0.005932021,0.000454967,5.73814674376707e-06,-0.000131336,-0.015086432,-0.009886702,0.000454967,5.73814674376707e-06,-0.001313362,0.036821704,0.040710715,0.041182232,0.043138661,0.037026003,0.04100749,0.042474968,0.041167073,0.005548346,0.00728985,0.031390621,-0.045703491,0.947183099,0.944248826,0.943661972,0.941314554,1,1,NA,1,NA,NA,0.056338028,0.700117371,NA,NA,0.049295775,1,0.3408
68,Cond164,0.45,0,0.6,0.3,10,80,1.5,CSMMA,0.3,0.3,0.3,0.1,-0.008047969,-0.003661161,-0.000518317,-0.002717096,-0.000898624,-0.013413281,-0.006101935,-0.001727724,-0.015094976,-0.008986239,0.034719361,0.038222403,0.036626092,0.037616839,0.037029038,0.038300038,0.037646891,0.037533565,0.066524184,0.002031143,0.027870806,-0.002213734,0.959292983,0.94483128,0.950187467,0.954472416,0.999464381,1,NA,1,NA,1,NA,0.76754151,NA,1,NA,1,0.3734
69,Cond165,0.9,0,0,0,10,80,1.5,CSMMA,0,0.3,0,0.1,-0.000754219,-0.011346783,0.001024852,-0.00013529,0.000172039,-0.000754219,-0.018911305,0.001024852,-0.00013529,0.001720386,0.039209071,0.038129095,0.039346702,0.040914098,0.040263928,0.038748691,0.03987807,0.042209803,0.026903371,0.016249975,0.013504775,0.031668915,0.949418605,0.944767442,0.945930233,0.960465116,1,NA,0.050581395,0.999418605,NA,NA,0.054069767,0.701162791,NA,NA,0,1,0.344
70,Cond166,0.9,0,0,0.3,10,80,1.5,CSMMA,0,0.3,0.3,0.1,0.000126822,-0.005068212,-0.00392573,-0.00016096,0.000458328,0.000126822,-0.00844702,-0.013085767,-0.00016096,0.00458328,0.038882181,0.03580695,0.036135868,0.041051173,0.040265108,0.037463548,0.037010853,0.040491426,0.035567092,0.046264712,0.024213741,-0.013635353,0.950300382,0.955215729,0.949208083,0.944838886,1,NA,0.049699618,1,NA,1,NA,0.722009831,NA,NA,0.039322774,1,0.3662
71,Cond167,0.9,0,0.6,0,10,80,1.5,CSMMA,0.3,0.3,0,0.1,-0.007851719,-0.006465977,0.00076719,0.000245693,-0.000833884,-0.013086199,-0.010776629,0.00076719,0.000245693,-0.008338838,0.036355559,0.040568125,0.041556272,0.043911994,0.036859268,0.041437677,0.042450861,0.042031365,0.013855065,0.02143436,0.021527158,-0.042827223,0.939393939,0.951515152,0.944903581,0.944903581,1,1,NA,1,NA,NA,0.055096419,0.67768595,NA,NA,0.047933884,1,0.363
72,Cond168,0.9,0,0.6,0.3,10,80,1.5,CSMMA,0.3,0.3,0.3,0.1,-0.007393201,-0.004990363,-0.000523849,-0.002628496,-0.001774305,-0.012322002,-0.008317271,-0.001746163,-0.014602756,-0.017743047,0.035764622,0.03850906,0.037275899,0.038072407,0.037171469,0.038299094,0.037809707,0.037639892,0.039336279,-0.005452381,0.014320439,-0.011360313,0.951663202,0.937629938,0.942307692,0.946985447,0.998960499,1,NA,1,NA,1,NA,0.75,NA,1,NA,1,0.3848
73,Cond169,0.45,0,0,0,10,120,1.5,CSMMA,0,0.3,0,0.1,-0.000105956,-0.002960808,0.000288209,-0.000123152,-0.001209438,-0.000105956,-0.00493468,0.000288209,-0.000123152,-0.012094381,0.033735795,0.031806043,0.032447617,0.035866606,0.033824438,0.032305556,0.033312889,0.034936909,0.002627565,0.015704975,0.026666733,-0.025920962,0.943469786,0.946393762,0.950292398,0.947368421,1,NA,0.056530214,1,NA,NA,0.049707602,0.790935673,NA,NA,0.000487329,1,0.4104
74,Cond170,0.45,0,0,0.3,10,120,1.5,CSMMA,0,0.3,0.3,0.1,0.000427047,-0.0058081,-0.002930584,-0.000108789,-0.00076345,0.000427047,-0.009680167,-0.009768612,-0.000108789,-0.007634501,0.033331181,0.031784542,0.030343219,0.034352436,0.033573431,0.031423907,0.030827581,0.033655812,0.007267969,-0.011346232,0.015962786,-0.020278741,0.944937833,0.934280639,0.93383659,0.946269982,0.99955595,NA,0.055062167,1,NA,1,NA,0.804618117,NA,NA,0.05017762,1,0.4504
75,Cond171,0.45,0,0.6,0,10,120,1.5,CSMMA,0.3,0.3,0,0.1,-0.002385443,-0.003653448,0.001314931,0.000651158,-0.000580789,-0.003975739,-0.006089081,0.001314931,0.000651158,-0.005807886,0.030803347,0.034687508,0.035615825,0.037204342,0.031041474,0.034339458,0.035734888,0.034786903,0.007730532,-0.010033888,0.003342992,-0.06497732,0.945205479,0.937899543,0.944292237,0.94109589,1,1,NA,1,NA,NA,0.055707763,0.804109589,NA,NA,0.052511416,1,0.438
76,Cond172,0.45,0,0.6,0.3,10,120,1.5,CSMMA,0.3,0.3,0.3,0.1,-0.006262631,-0.004338139,9.10660936832337e-05,-0.002000447,-0.000242839,-0.010437718,-0.007230231,0.000303554,-0.011113595,-0.002428391,0.030700626,0.033928731,0.032304856,0.034261627,0.031276419,0.032311376,0.032003706,0.031649404,0.018755096,-0.047669172,-0.009322136,-0.0762434,0.947602131,0.927619893,0.934724689,0.930728242,0.99955595,1,NA,1,NA,1,NA,0.846358792,NA,1,NA,1,0.4504
77,Cond173,0.9,0,0,0,10,120,1.5,CSMMA,0,0.3,0,0.1,0.000527906,-0.005042966,0.000850977,-9.89E-05,-0.001951599,0.000527906,-0.008404943,0.000850977,-9.89E-05,-0.019515988,0.033142328,0.033056492,0.032587465,0.036772858,0.033514146,0.032260677,0.033530474,0.03528254,0.011218831,-0.024074398,0.028937789,-0.040527676,0.941489362,0.937137331,0.951644101,0.940522244,1,NA,0.058510638,1,NA,NA,0.048355899,0.777562863,NA,NA,0.000483559,1,0.4136
78,Cond174,0.9,0,0,0.3,10,120,1.5,CSMMA,0,0.3,0.3,0.1,0.000433641,-0.00458002,-0.002482681,-2.74E-05,-0.000997733,0.000433641,-0.007633367,-0.008275602,-2.74E-05,-0.009977326,0.032192367,0.031725562,0.030873282,0.034641156,0.033543104,0.031271872,0.031236722,0.033411085,0.041958301,-0.01430046,0.011771998,-0.035508947,0.950512706,0.931341953,0.941596077,0.939812751,1,NA,0.049487294,1,NA,1,NA,0.825679893,NA,NA,0.04235399,1,0.4486
79,Cond175,0.9,0,0.6,0,10,120,1.5,CSMMA,0.3,0.3,0,0.1,-0.007043192,-0.006131085,0.002198383,0.001137314,0.000127441,-0.011738654,-0.010218475,0.002198383,0.001137314,0.001274415,0.031026107,0.034522463,0.034490894,0.035428577,0.031014364,0.034585272,0.035860543,0.035243864,-0.000378476,0.001819364,0.039710437,-0.005213677,0.946756152,0.944966443,0.941834452,0.943176734,1,1,NA,1,NA,NA,0.058165548,0.808948546,NA,NA,0.051006711,1,0.447
80,Cond176,0.9,0,0.6,0.3,10,120,1.5,CSMMA,0.3,0.3,0.3,0.1,-0.008542334,-0.002034194,0.000132208,-0.002513624,0.000116289,-0.014237223,-0.003390323,0.000440693,-0.013964581,0.001162891,0.030470959,0.032734047,0.032009674,0.033849415,0.030958663,0.032434917,0.032081062,0.031785873,0.01600553,-0.009138177,0.00223019,-0.060962418,0.947525597,0.943686007,0.944539249,0.934726962,0.999146758,1,NA,1,NA,1,NA,0.858361775,NA,1,NA,1,0.4688
81,Cond177,0.45,0,0,0,30,80,1.5,CSMMA,0,0.3,0,0.1,-0.000646854,-0.005193616,0.000249301,-7.87E-05,-0.001016366,-0.000646854,-0.008656027,0.000249301,-7.87E-05,-0.010163664,0.021833416,0.020640683,0.021495295,0.021265345,0.022726988,0.020931476,0.022322138,0.02147149,0.040926788,0.014088325,0.038466243,0.00969396,0.950474898,0.946404342,0.956919946,0.947082768,1,NA,0.049525102,1,NA,NA,0.043080054,0.988127544,NA,NA,0,1,0.5896
82,Cond178,0.45,0,0,0.3,30,80,1.5,CSMMA,0,0.3,0.3,0.1,0.001286413,-0.005321034,-0.001887475,0.000292565,-0.000815946,0.001286413,-0.00886839,-0.006291585,0.000292565,-0.008159458,0.023266156,0.0198677,0.020444307,0.020799015,0.022563338,0.020316958,0.020647703,0.020729233,-0.030207733,0.022612474,0.009948774,-0.003355061,0.934564302,0.951733074,0.947197927,0.953676709,1,NA,0.065435698,1,NA,1,NA,0.99287334,NA,NA,0.064139942,1,0.6174
83,Cond179,0.45,0,0.6,0,30,80,1.5,CSMMA,0.3,0.3,0,0.1,-0.006116906,-0.005744037,0.001617465,0.000870216,-0.000732961,-0.010194844,-0.009573394,0.001617465,0.000870216,-0.007329612,0.020772031,0.022126339,0.023337047,0.021366733,0.020723282,0.022359957,0.023661466,0.021404155,-0.002346891,0.010558381,0.013901473,0.001751442,0.943842365,0.944170772,0.951067323,0.94909688,1,1,NA,1,NA,NA,0.048932677,0.991133005,NA,NA,0.048604269,1,0.609
84,Cond180,0.45,0,0.6,0.3,30,80,1.5,CSMMA,0.3,0.3,0.3,0.1,-0.004778838,-0.004806567,-0.000826531,-0.001959249,-0.000495274,-0.00796473,-0.008010945,-0.002755102,-0.010884719,-0.004952737,0.020523987,0.020425542,0.020827982,0.019726816,0.020865286,0.020992195,0.021349252,0.019232047,0.016629283,0.027742393,0.025027428,-0.025081054,0.946883635,0.950875038,0.956094566,0.944427387,0.999692969,1,NA,1,NA,1,NA,0.996008597,NA,1,NA,1,0.6514
85,Cond181,0.9,0,0,0,30,80,1.5,CSMMA,0,0.3,0,0.1,0.000239378,-0.004326263,-0.000644095,-5.03E-05,-0.000516436,0.000239378,-0.007210439,-0.000644095,-5.03E-05,-0.005164358,0.02256809,0.020832953,0.022049438,0.021490262,0.022767943,0.020848877,0.022465986,0.021368221,0.00885554,0.000764381,0.018891534,-0.005678871,0.946487196,0.946487196,0.953381484,0.94977019,1,NA,0.053512804,1,NA,NA,0.046618516,0.989822718,NA,NA,0.000328299,1,0.6092
86,Cond182,0.9,0,0,0.3,30,80,1.5,CSMMA,0,0.3,0.3,0.1,-0.000198708,-0.004977643,-0.001987248,-0.000134037,-0.000773032,-0.000198708,-0.008296072,-0.006624159,-0.000134037,-0.007730324,0.022071853,0.020659454,0.020486902,0.020329632,0.022577135,0.020313044,0.020771942,0.020735482,0.022892622,-0.016767622,0.013913275,0.019963504,0.956857695,0.945267225,0.947842885,0.95621378,1,NA,0.043142305,1,NA,1,NA,0.994526722,NA,NA,0.04121056,1,0.6212
87,Cond183,0.9,0,0.6,0,30,80,1.5,CSMMA,0.3,0.3,0,0.1,-0.003972247,-0.004461693,0.000854718,0.000482483,-0.00076608,-0.006620411,-0.007436156,0.000854718,0.000482483,-0.0076608,0.02004162,0.022305291,0.024029929,0.021448944,0.020731576,0.022360874,0.023805368,0.02142802,0.034426118,0.002491899,-0.009345059,-0.000975548,0.952179571,0.948275862,0.940143136,0.949902407,0.999674691,1,NA,1,NA,NA,0.059856864,0.987963565,NA,NA,0.058555628,1,0.6148
88,Cond184,0.9,0,0.6,0.3,30,80,1.5,CSMMA,0.3,0.3,0.3,0.1,-0.005961989,-0.005037725,0.000200863,-0.001699289,-0.000709267,-0.009936649,-0.008396209,0.000669544,-0.009440496,-0.007092671,0.020416498,0.020888396,0.022032858,0.019355359,0.02082908,0.020992775,0.021389833,0.019272261,0.020208278,0.004996994,-0.029184784,-0.004293263,0.952905199,0.948318043,0.937920489,0.945259939,1,1,NA,1,NA,1,NA,0.996330275,NA,1,NA,1,0.654
89,Cond185,0.45,0,0,0,30,120,1.5,CSMMA,0,0.3,0,0.1,-2.81E-05,-0.003662622,0.000139942,-4.97E-05,-0.00114559,-2.81E-05,-0.00610437,0.000139942,-4.97E-05,-0.011455897,0.019407775,0.017863785,0.018565281,0.018225329,0.018996904,0.017609165,0.018829122,0.018081304,-0.021170439,-0.014253419,0.01421152,-0.007902424,0.940713684,0.945209328,0.946895195,0.948019106,1,NA,0.059286316,1,NA,NA,0.053104805,0.998314133,NA,NA,0.000561956,1,0.7118
90,Cond186,0.45,0,0,0.3,30,120,1.5,CSMMA,0,0.3,0.3,0.1,-0.000606755,-0.004035835,-0.001551962,-0.000248742,-0.000177041,-0.000606755,-0.006726392,-0.005173206,-0.000248742,-0.001770406,0.019027385,0.017324447,0.017406382,0.017440582,0.018932477,0.017214784,0.017498569,0.017505537,-0.004987996,-0.006329997,0.005296143,0.003724357,0.947242842,0.946182397,0.941675504,0.949363733,0.999734889,NA,0.052757158,1,NA,1,NA,0.999204666,NA,NA,0.051696713,1,0.7544
91,Cond187,0.45,0,0.6,0,30,120,1.5,CSMMA,0.3,0.3,0,0.1,-0.004525344,-0.004286714,0.001312314,0.000714765,-0.000695261,-0.00754224,-0.007144523,0.001312314,0.000714765,-0.006952608,0.017323143,0.019536847,0.020103066,0.018032131,0.017494831,0.018973417,0.020010781,0.018099627,0.009910894,-0.028839334,-0.004590597,0.00374308,0.944044764,0.939515055,0.944044764,0.947775113,0.998934186,1,NA,1,NA,NA,0.055955236,0.998134825,NA,NA,0.055688782,1,0.7506
92,Cond188,0.45,0,0.6,0.3,30,120,1.5,CSMMA,0.3,0.3,0.3,0.1,-0.003098252,-0.00362116,-0.000322343,-0.001151021,-0.000440161,-0.005163753,-0.006035267,-0.001074476,-0.00639456,-0.004401609,0.017759095,0.018582829,0.018503174,0.016882177,0.017539857,0.017804522,0.018110809,0.016220129,-0.01234508,-0.041883084,-0.021205269,-0.039215815,0.943922862,0.933773154,0.938848008,0.94087795,0.999492515,1,NA,1,NA,1,NA,1,NA,1,NA,1,0.7882
93,Cond189,0.9,0,0,0,30,120,1.5,CSMMA,0,0.3,0,0.1,0.000168726,-0.003149298,0.000492331,-5.15E-05,-0.000549959,0.000168726,-0.005248831,0.000492331,-5.15E-05,-0.005499588,0.01903821,0.017433298,0.018632216,0.018302699,0.019067179,0.017568064,0.01898704,0.018031809,0.001521613,0.007730378,0.019043523,-0.014800578,0.946233624,0.95360262,0.950873362,0.947871179,1,NA,0.053766376,1,NA,NA,0.049126638,0.997816594,NA,NA,0,1,0.7328
94,Cond190,0.9,0,0,0.3,30,120,1.5,CSMMA,0,0.3,0.3,0.1,0.0002484,-0.00409186,-0.001528696,1.27396240916911e-05,-0.000762475,0.0002484,-0.006819767,-0.005095652,1.27396240916911e-05,-0.007624752,0.018754414,0.017731241,0.017778223,0.017405201,0.01895272,0.017190516,0.017608396,0.017547663,0.010573812,-0.030495606,-0.009552537,0.008185033,0.949920509,0.936406995,0.941706412,0.949125596,0.999735029,NA,0.050079491,1,NA,1,NA,0.998940117,NA,NA,0.049284579,1,0.7548
95,Cond191,0.9,0,0.6,0,30,120,1.5,CSMMA,0.3,0.3,0,0.1,-0.003773258,-0.003337326,0.000954077,0.000497884,-0.000328869,-0.006288763,-0.00556221,0.000954077,0.000497884,-0.003288686,0.017678529,0.019385975,0.020515731,0.018242277,0.017511841,0.018954349,0.020181294,0.018094833,-0.009428816,-0.022264831,-0.016301514,-0.008082559,0.942159724,0.940302467,0.9395065,0.94613956,0.999734678,1,NA,1,NA,NA,0.0604935,0.997081454,NA,NA,0.059166888,1,0.7538
96,Cond192,0.9,0,0.6,0.3,30,120,1.5,CSMMA,0.3,0.3,0.3,0.1,-0.003072696,-0.003059624,-0.000398573,-0.001171993,-0.000298591,-0.00512116,-0.005099374,-0.001328577,-0.006511072,-0.002985905,0.017620159,0.018426082,0.018844913,0.016855976,0.017529406,0.017902634,0.018305648,0.016283657,-0.005150526,-0.028408012,-0.028615961,-0.033953476,0.945513622,0.936765809,0.935516121,0.937015746,0.999750062,1,NA,1,NA,1,NA,0.999500125,NA,1,NA,1,0.8002
97,Cond97,0.45,0,0,0,5,80,1,PSMMA,-0.000307921,0.311478058,-0.000103128,0.103430719,0.009473517,-0.001637222,0.002056839,-0.000404591,-0.005176748,0.009473517,-0.00262815,0.002056839,-0.000404591,-0.050050396,0.054254181,0.059711681,0.048273662,0.085733115,0.058489788,0.061142838,0.054719732,0.074408166,0.078069682,0.023967798,0.133531808,-0.132095377,0.958057395,0.956953642,0.960264901,0.941501104,1,NA,0.040838852,0.98013245,NA,NA,0.039735099,0.415011038,NA,NA,0.001103753,1,0.1812
98,Cond98,0.45,0,0,0.3,5,80,1,PSMMA,0.000276921,0.312411233,0.082212065,0.103290442,-0.002872156,-0.013208895,7.06386921267809e-05,-0.00026783,-0.00031468,-0.002872156,-0.021140236,0.000859225,-0.00026783,-0.003046554,0.056580125,0.069215501,0.047241771,0.078053149,0.058362983,0.060519589,0.054445499,0.070098287,0.031510325,-0.12563532,0.152486419,-0.101915957,0.945,0.929,0.972,0.94,1,NA,0.054,0.975,NA,0.325,NA,0.415,NA,NA,0.001,1,0.2
99,Cond99,0.45,0,0.6,0,5,80,1,PSMMA,0.313256502,0.314088492,0.000149609,0.103756225,-0.015192261,-0.018353879,-0.00067019,-0.000486156,-0.004178266,-0.024248916,-0.029217688,-0.00067019,-0.000486156,-0.040270031,0.051760185,0.065905182,0.051975676,0.087545688,0.053222012,0.064554031,0.058241557,0.073052825,0.028242293,-0.020501428,0.120554097,-0.165546281,0.947939262,0.953362256,0.978308026,0.933839479,1,1,NA,0.977223427,NA,NA,0.021691974,0.390455531,NA,NA,0.01626898,1,0.1844
100,Cond100,0.45,0,0.6,0.3,5,80,1,PSMMA,0.313494803,0.381709378,0.082655388,0.102162331,-0.011147959,-0.017264213,0.000545962,-0.000782578,0.002123982,-0.017780133,-0.022614342,0.006605279,-0.015100674,0.020790266,0.052953679,0.059699436,0.048052433,0.074172984,0.052891484,0.060008428,0.056339091,0.066354015,-0.00117452,0.005175793,0.172450325,-0.105415328,0.929723502,0.945852535,0.964285714,0.940092166,1,1,NA,0.998847926,NA,0.293778802,NA,0.456221198,NA,0.27764977,NA,1,0.1736
101,Cond101,0.9,0,0,0,5,80,1,PSMMA,0.000107247,0.141347771,0.000358758,0.051001539,0.010040518,-0.007282826,0.002070789,1.17506123219789e-05,-0.001709896,0.010040518,-0.025762082,0.002070789,1.17506123219789e-05,-0.033526362,0.051253548,0.070464625,0.050370038,0.100228055,0.057530321,0.062930876,0.056792034,0.076855214,0.122465128,-0.106915334,0.12749635,-0.233196592,0.965405405,0.954594595,0.963243243,0.949189189,1,NA,0.034594595,0.635675676,NA,NA,0.035675676,0.104864865,NA,NA,0,1,0.185
102,Cond102,0.9,0,0,0.3,5,80,1,PSMMA,-0.000368066,0.142388814,0.015685535,0.050890466,0.004288654,-0.011888218,0.00103152,-0.000126523,0.001323083,0.004288654,-0.041745617,0.065762528,-0.000126523,0.025998651,0.049797108,0.060112785,0.049020908,0.07582626,0.056814657,0.063303209,0.056891219,0.073568453,0.140922831,0.053073974,0.160550107,-0.029776055,0.966666667,0.96344086,0.977419355,0.951612903,1,NA,0.033333333,0.606451613,NA,0.034408602,NA,0.122580645,NA,NA,0,1,0.186
103,Cond103,0.9,0,0.6,0,5,80,1,PSMMA,0.139126244,0.141281268,7.37182814135602e-05,0.051045517,-0.008092279,-0.001337889,0.000686411,7.91956060024896e-05,-0.001388899,-0.029082505,-0.004734843,0.000686411,7.91956060024896e-05,-0.027209035,0.051802609,0.062570428,0.049044127,0.077730825,0.055980581,0.063763637,0.056974227,0.076140929,0.080651764,0.01906985,0.161693153,-0.020453866,0.959474261,0.960569551,0.966046002,0.949616648,1,0.670317634,NA,0.636363636,NA,NA,0.033953998,0.135815991,NA,NA,0.005476451,1,0.1826
104,Cond104,0.9,0,0.6,0.3,5,80,1,PSMMA,0.139450588,0.187169459,0.015745331,0.055656339,-0.003745796,-0.014701674,0.000154704,4.72863009844241e-05,-0.000643247,-0.01343055,-0.039273699,0.009825403,0.010767954,-0.011557471,0.050105017,0.061818251,0.053335344,0.077299669,0.055992667,0.061722954,0.056576656,0.073590843,0.117506214,-0.001541565,0.060772292,-0.047979835,0.968443961,0.955386289,0.961915125,0.959738847,0.998911861,0.701849837,NA,0.830250272,NA,0.04570185,NA,0.168661589,NA,0.007616975,NA,1,0.1838
105,Cond105,0.45,0,0,0,5,120,1,PSMMA,0.000470491,0.312433596,3.41828657220963e-05,0.10309888,0.003126769,-0.009706165,0.001363631,-0.000137738,-0.003508535,0.003126769,-0.015533164,0.001363631,-0.000137738,-0.03403078,0.047910391,0.050931797,0.039538326,0.068956535,0.049074954,0.049858183,0.045026489,0.060351269,0.024307108,-0.021079439,0.13880615,-0.124792609,0.933899906,0.934844193,0.966949953,0.938621341,1,NA,0.066100094,0.993389991,NA,NA,0.033050047,0.512747875,NA,NA,0,1,0.2118
106,Cond106,0.45,0,0,0.3,5,120,1,PSMMA,-0.000190704,0.312998023,0.082407549,0.103343205,-0.000222874,0.001448398,-0.000141529,-0.000259136,0.002043187,-0.000222874,0.002313749,-0.001717422,-0.000259136,0.019770887,0.048524095,0.051747981,0.039170453,0.06641007,0.049309858,0.050079323,0.044794112,0.059052201,0.016193252,-0.032245848,0.143568903,-0.110794476,0.94021215,0.947926712,0.961427194,0.93828351,1,NA,0.05978785,0.995178399,NA,0.445515911,NA,0.546769527,NA,NA,0.004821601,1,0.2074
107,Cond107,0.45,0,0.6,0,5,120,1,PSMMA,0.313991252,0.311400573,0.000456199,0.103355942,-0.004605515,-0.002353087,0.000862739,0.000509315,-0.001931778,-0.007333827,-0.003778232,0.000862739,0.000509315,-0.01869054,0.043729451,0.05477368,0.043205482,0.068180824,0.044622138,0.053507003,0.048076071,0.060841811,0.020413874,-0.02312566,0.112730829,-0.107640424,0.940822467,0.938816449,0.966900702,0.93781344,1,1,NA,0.991975928,NA,NA,0.033099298,0.503510532,NA,NA,0.030090271,1,0.1994
108,Cond108,0.45,0,0.6,0.3,5,120,1,PSMMA,0.313442319,0.377919084,0.082252068,0.103031838,-0.008197469,-0.00759562,-0.000449032,-0.001029878,-0.00313239,-0.01307652,-0.010049268,-0.005459222,-0.019973372,-0.030402151,0.042308364,0.049672013,0.041302208,0.060445993,0.04482041,0.050220826,0.046833676,0.055156034,0.059374712,0.011048726,0.133926688,-0.087515456,0.949616648,0.950711939,0.964950712,0.941949617,1,1,NA,0.99890471,NA,0.411829135,NA,0.549835706,NA,0.410733844,NA,1,0.1826
109,Cond109,0.9,0,0,0,5,120,1,PSMMA,7.44740128995287e-05,0.141159796,5.10109507271531e-05,0.050644637,-0.002512607,0.000944593,0.00328938,-1.55E-05,-0.000967664,-0.002512607,0.003345828,0.00328938,-1.55E-05,-0.019106942,0.040688805,0.050861282,0.040153133,0.066856418,0.046574784,0.051727776,0.046161459,0.061762787,0.144658438,0.017036411,0.149635309,-0.076187604,0.960182025,0.955631399,0.964732651,0.959044369,1,NA,0.039817975,0.795221843,NA,NA,0.035267349,0.182025028,NA,NA,0,1,0.1758
110,Cond110,0.9,0,0,0.3,5,120,1,PSMMA,0.000136887,0.141860078,0.015207399,0.05084186,-0.000215639,-0.002042585,0.002214744,3.76413346689296e-05,0.002064538,-0.000215639,-0.007199294,0.145635975,3.76413346689296e-05,0.040607042,0.041495236,0.048310622,0.042685408,0.062926812,0.047211948,0.051037236,0.045701401,0.0605029,0.137767915,0.056439216,0.070656306,-0.038519535,0.971973094,0.959641256,0.956278027,0.947309417,1,NA,0.028026906,0.81838565,NA,0.058295964,NA,0.16367713,NA,NA,0,1,0.1784
111,Cond111,0.9,0,0.6,0,5,120,1,PSMMA,0.138940309,0.141126688,0.000163685,0.051317694,0.001140811,-0.003149859,0.001727585,0.000541764,0.001521459,0.004105399,-0.011159687,0.001727585,0.000541764,0.029647838,0.0409927,0.050001629,0.043610537,0.070045693,0.046433589,0.053111716,0.047025417,0.065568089,0.132728251,0.062199723,0.078304009,-0.063924048,0.963313609,0.966863905,0.95739645,0.966863905,1,0.850887574,NA,0.75739645,NA,NA,0.04260355,0.173964497,NA,NA,0.014201183,1,0.169
112,Cond112,0.9,0,0.6,0.3,5,120,1,PSMMA,0.138662752,0.18643524,0.01537556,0.055571969,0.002878967,-0.002768802,-0.002278048,-0.000620265,-0.002527241,0.010381184,-0.007425641,-0.148160317,-0.145464454,-0.045476897,0.04169497,0.049270293,0.039382197,0.063364,0.046233377,0.051893902,0.046573144,0.0623369,0.108847839,0.053249318,0.182593834,-0.016209509,0.956976744,0.953488372,0.974418605,0.954651163,1,0.845348837,NA,0.93372093,NA,0.031395349,NA,0.194186047,NA,0.010465116,NA,1,0.172
113,Cond113,0.45,0,0,0,10,80,1,PSMMA,-0.000385691,0.311975413,0.00018613,0.103427348,0.002608818,-0.006073028,-0.000577614,6.25159541478176e-05,-0.000979288,0.002608818,-0.009733184,-0.000577614,6.25159541478176e-05,-0.00946837,0.039211712,0.038060381,0.03416544,0.041006554,0.040606087,0.038642856,0.037946176,0.04191298,0.035560174,0.015303982,0.11065965,0.022104399,0.956401384,0.944636678,0.966782007,0.953633218,1,NA,0.042906574,1,NA,NA,0.033217993,0.705882353,NA,NA,0,1,0.289
114,Cond114,0.45,0,0,0.3,10,80,1,PSMMA,-0.000102298,0.314207106,0.081756425,0.102903351,-0.000185517,-0.011219598,-0.001473635,-7.19E-05,0.000609111,-0.000185517,-0.017853826,-0.018024694,-7.19E-05,0.005919254,0.039413341,0.036757512,0.033838479,0.044618124,0.040566581,0.038483737,0.037558752,0.04181481,0.029260154,0.04696251,0.109942089,-0.06282904,0.952380952,0.96031746,0.958874459,0.940836941,1,NA,0.047619048,1,NA,0.586580087,NA,0.725108225,NA,NA,0.002886003,1,0.2772
115,Cond115,0.45,0,0.6,0,10,80,1,PSMMA,0.313378573,0.312659041,-8.76E-05,0.103428913,-0.006382585,-0.00961605,0.002031529,0.001235156,-0.0035624,-0.010183506,-0.015377853,0.002031529,0.001235156,-0.034442983,0.035319625,0.040706869,0.036178947,0.040462286,0.036668067,0.041065494,0.040162591,0.041672524,0.038178264,0.008809938,0.110109464,0.029910267,0.943028486,0.935532234,0.962518741,0.943028486,1,1,NA,1,NA,NA,0.037481259,0.682158921,NA,NA,0.033733133,1,0.2668
116,Cond116,0.45,0,0.6,0.3,10,80,1,PSMMA,0.313227781,0.378907696,0.08258993,0.102389566,-0.006013155,-0.006617481,0.003249054,0.001481281,-0.001524681,-0.009598694,-0.008732312,0.039339586,0.02862992,-0.014890981,0.035400987,0.035572734,0.034629682,0.038301114,0.036472299,0.038408335,0.038571072,0.038546032,0.030262209,0.079712775,0.11381536,0.006394555,0.957335329,0.955838323,0.960329341,0.951347305,1,1,NA,1,NA,0.605538922,NA,0.75,NA,0.597305389,NA,1,0.2672
117,Cond117,0.9,0,0,0,10,80,1,PSMMA,0.000218258,0.141535908,-0.000387286,0.051003282,-0.001437828,-0.003153036,-0.000204847,0.000157934,-0.001591364,-0.001437828,-0.011138645,-0.000204847,0.000157934,-0.031201203,0.035844703,0.037675354,0.035284004,0.043699601,0.0395316,0.040231657,0.039177355,0.043704438,0.102857507,0.067850794,0.110343224,0.000110692,0.9625,0.9546875,0.96171875,0.95,1,NA,0.0375,0.9375,NA,NA,0.03828125,0.23671875,NA,NA,0,1,0.256
118,Cond118,0.9,0,0,0.3,10,80,1,PSMMA,-0.000224226,0.14152356,0.01612932,0.05106034,0.003151903,-0.007110478,-0.000116015,8.83098418450036e-05,-0.00108975,0.003151903,-0.02512118,-0.007192821,8.83098418450036e-05,-0.02134239,0.035922499,0.036964419,0.035037027,0.042974448,0.039399624,0.040094828,0.039027207,0.043580642,0.096795204,0.084687089,0.113884647,0.014105896,0.962743438,0.963590178,0.969517358,0.958509738,1,NA,0.037256562,0.927180356,NA,0.044030483,NA,0.218458933,NA,NA,0,1,0.2362
119,Cond119,0.9,0,0.6,0,10,80,1,PSMMA,0.139266679,0.141479085,0.000645805,0.050970617,-0.004426918,-0.005602529,-0.000310181,-0.000108298,-0.000334103,-0.015893673,-0.019799848,-0.000310181,-0.000108298,-0.006554812,0.036877516,0.040312855,0.03548228,0.042804384,0.03861955,0.041021104,0.039450259,0.043929831,0.047238382,0.017568827,0.111829905,0.026292802,0.95,0.943965517,0.969827586,0.969827586,1,0.946551724,NA,0.90862069,NA,NA,0.031896552,0.24137931,NA,NA,0.010344828,1,0.232
120,Cond120,0.9,0,0.6,0.3,10,80,1,PSMMA,0.139349864,0.186617029,0.015026717,0.055524437,-0.003881644,-0.005850104,0.001726119,0.000489236,0.000890808,-0.013927691,-0.015674088,0.114870034,0.116820042,0.016043537,0.036320471,0.037806797,0.037083805,0.042357678,0.038813863,0.040273688,0.039023706,0.043538365,0.068649781,0.065249935,0.052311277,0.027874222,0.961092715,0.959437086,0.958609272,0.964403974,1,0.941225166,NA,0.988410596,NA,0.069536424,NA,0.299668874,NA,0.028145695,NA,1,0.2416
121,Cond121,0.45,0,0,0,10,120,1,PSMMA,-0.000543291,0.312588324,0.000293268,0.103533605,0.004349878,-0.002992238,-0.000860435,-3.96E-06,0.000524927,0.004349878,-0.004786229,-0.000860435,-3.96E-06,0.005070112,0.033395953,0.032149058,0.028072318,0.03641476,0.033940413,0.032432099,0.030759251,0.035132406,0.016303173,0.008804021,0.095714706,-0.035215234,0.943266833,0.953865337,0.965087282,0.948877805,1,NA,0.055486284,1,NA,NA,0.032418953,0.83042394,NA,NA,0,1,0.3208
122,Cond122,0.45,0,0,0.3,10,120,1,PSMMA,0.000185392,0.313117031,0.082089349,0.103450193,0.001185732,-0.004915801,-0.000595582,7.94867862985886e-05,-0.001164146,0.001185732,-0.007849782,-0.007255294,7.94867862985886e-05,-0.011253206,0.036073912,0.032458395,0.027710396,0.035601354,0.033769996,0.032497221,0.030754009,0.035130111,-0.063866533,0.001196178,0.109836488,-0.013236659,0.925199264,0.943592888,0.966278357,0.947884733,1,NA,0.074800736,1,NA,0.759043532,NA,0.825873697,NA,NA,0.013488657,1,0.3262
123,Cond123,0.45,0,0.6,0,10,120,1,PSMMA,0.313662097,0.312466066,-0.000141381,0.103358012,-0.008220139,-0.00505762,0.000714809,0.000298466,-0.001392674,-0.013103494,-0.008093071,0.000714809,0.000298466,-0.013474268,0.030782807,0.033374057,0.029684886,0.035983395,0.030691483,0.034043206,0.032762489,0.034520261,-0.002966723,0.020049975,0.103675734,-0.040661365,0.940036342,0.949121744,0.968503937,0.947304664,1,1,NA,1,NA,NA,0.032101757,0.834645669,NA,NA,0.029678982,1,0.3302
124,Cond124,0.45,0,0.6,0.3,10,120,1,PSMMA,0.313388505,0.379992093,0.082063896,0.102475585,-0.004815651,-0.006248501,0.001471617,0.000581788,-0.001503121,-0.007683197,-0.008221883,0.017932579,0.011310959,-0.014668087,0.030285292,0.03189228,0.027874346,0.034703977,0.030309324,0.032064191,0.031438209,0.032035831,0.000793521,0.005390356,0.127854583,-0.076882993,0.946564885,0.945977686,0.972988843,0.937169701,1,1,NA,1,NA,0.776277158,NA,0.850851439,NA,0.778038755,NA,1,0.3406
125,Cond125,0.9,0,0,0,10,120,1,PSMMA,-0.000514348,0.14019607,-0.000333755,0.051168534,0.002362612,0.002399967,0.001692888,-1.44E-05,-0.0029374,0.002362612,0.008559325,0.001692888,-1.44E-05,-0.057406383,0.028542479,0.030123776,0.028049657,0.034073789,0.032231974,0.03311755,0.031713917,0.036133964,0.129263292,0.099382447,0.13063475,0.060462157,0.967634855,0.969294606,0.964315353,0.953526971,1,NA,0.033195021,0.980912863,NA,NA,0.034854772,0.294605809,NA,NA,0,1,0.241
126,Cond126,0.9,0,0,0.3,10,120,1,PSMMA,-8.74E-06,0.141559127,0.015106593,0.051100312,0.0010018,-0.001903005,0.001379202,-1.39E-05,-0.001679491,0.0010018,-0.006721592,0.091298052,-1.39E-05,-0.032866559,0.029173971,0.030925056,0.028199417,0.033759277,0.032504082,0.0331457,0.031796328,0.036055777,0.114146644,0.071807297,0.12755266,0.068025754,0.964368706,0.958946553,0.966692486,0.95817196,1,NA,0.035631294,0.98140976,NA,0.068938807,NA,0.309062742,NA,NA,0.000774593,1,0.2582
127,Cond127,0.9,0,0.6,0,10,120,1,PSMMA,0.139187132,0.141825692,-0.000187977,0.051573086,0.002331062,-0.005560831,0.000230307,0.000138193,-0.00271691,0.008373842,-0.019604454,0.000230307,0.000138193,-0.052680769,0.029083218,0.031432566,0.028801219,0.033940631,0.031694625,0.033659851,0.032432092,0.03561673,0.089790847,0.070859154,0.12606664,0.049383267,0.965266559,0.955573506,0.968497577,0.96365105,1,0.991922456,NA,0.976575121,NA,NA,0.031502423,0.308562197,NA,NA,0.013731826,1,0.2476
128,Cond128,0.9,0,0.6,0.3,10,120,1,PSMMA,0.139127586,0.187920922,0.014592316,0.056559652,0.00119685,-0.003462999,0.002359733,0.00062017,-0.001207661,0.004301268,-0.009213978,0.16171068,0.152736546,-0.021351981,0.029934391,0.031851157,0.028812708,0.034713003,0.031840786,0.032918737,0.031880265,0.035684148,0.063685783,0.033517782,0.10646541,0.027976414,0.962437396,0.957429048,0.962437396,0.949081803,1,0.993322204,NA,0.998330551,NA,0.070116861,NA,0.379799666,NA,0.045075125,NA,1,0.2396
129,Cond129,0.45,0,0,0,30,80,1,PSMMA,-0.000131371,0.314889333,4.91287735823093e-05,0.103217839,0.001187603,-0.009759796,4.36403011130271e-05,1.26896927347961e-06,-0.00075407,0.001187603,-0.015497184,4.36403011130271e-05,1.26896927347961e-06,-0.00730562,0.02237844,0.020878667,0.019548587,0.020933741,0.022539939,0.020773546,0.020945545,0.021191584,0.007216735,-0.005034882,0.071460784,0.012317096,0.950972105,0.939983094,0.956043956,0.953085376,1,NA,0.049027895,1,NA,NA,0.043956044,0.994505495,NA,NA,0,1,0.4732
130,Cond130,0.45,0,0,0.3,30,80,1,PSMMA,1.12495514654777e-05,0.312072738,0.081944638,0.103044361,-0.001303742,-0.00499763,-6.57E-05,-0.00014088,-0.000366959,-0.001303742,-0.008007155,-0.00080228,-0.00014088,-0.003561176,0.023224289,0.020860018,0.019953906,0.021226507,0.022629471,0.020878521,0.020823716,0.021490253,-0.025611887,0.000886988,0.043590958,0.012425309,0.936665231,0.941404567,0.959069367,0.95088324,1,NA,0.063334769,1,NA,0.977595864,NA,0.990090478,NA,NA,0.030590263,1,0.4642
131,Cond131,0.45,0,0.6,0,30,80,1,PSMMA,0.313178543,0.31201995,0.000550536,0.103697251,-0.00706519,-0.006053605,0.001019469,0.00059326,-0.001731084,-0.011279811,-0.00970067,0.001019469,0.00059326,-0.016693634,0.020341858,0.021656879,0.020656709,0.021023452,0.020557435,0.022183037,0.022194731,0.021315419,0.010597732,0.024295176,0.074456268,0.013887666,0.945957631,0.944228275,0.964115867,0.948119326,1,1,NA,1,NA,NA,0.03718115,0.992650238,NA,NA,0.035884133,1,0.4626
132,Cond132,0.45,0,0.6,0.3,30,80,1,PSMMA,0.313376635,0.380846954,0.082609671,0.102528989,-0.006384149,-0.011657894,0.000821607,-4.05E-05,-0.000747166,-0.010186064,-0.015305221,0.009945652,-0.000782634,-0.007287367,0.020729769,0.020405739,0.019809254,0.019535802,0.020453173,0.021120862,0.021422894,0.019882874,-0.013342951,0.035045203,0.081458895,0.017765938,0.942254812,0.946379468,0.960586618,0.945004583,1,1,NA,1,NA,0.978918423,NA,0.996791934,NA,0.978918423,NA,1,0.4364
133,Cond133,0.9,0,0,0,30,80,1,PSMMA,0.000428241,0.141379714,-0.000172533,0.050820303,0.000669334,-0.002186628,0.000934178,-8.71E-09,-0.001161,0.000669334,-0.007733174,0.000934178,-8.71E-09,-0.022845207,0.021317388,0.02014133,0.020562539,0.021074374,0.021800987,0.021795428,0.021554348,0.022456078,0.022685687,0.082124565,0.048233758,0.065563227,0.95337356,0.963795941,0.960504663,0.962150302,1,NA,0.04662644,1,NA,NA,0.040043884,0.607240812,NA,NA,0,1,0.3646
134,Cond134,0.9,0,0,0.3,30,80,1,PSMMA,-0.00028794,0.141342123,0.016269415,0.051127757,-0.000288734,-0.002840204,-0.001041411,5.48879224581815e-06,-0.000441988,-0.000288734,-0.010047266,-0.064010347,5.48879224581815e-06,-0.00864477,0.021458662,0.020746783,0.020013439,0.021798786,0.02201531,0.021748206,0.02157865,0.022286593,0.025940491,0.048268815,0.078208015,0.022377678,0.955164586,0.953461975,0.964812713,0.951759364,1,NA,0.045402951,0.999432463,NA,0.095346198,NA,0.637911464,NA,NA,0,1,0.3524
135,Cond135,0.9,0,0.6,0,30,80,1,PSMMA,0.139288324,0.141693209,0.000390681,0.051566642,3.54252654358708e-05,-0.003519467,0.0006038,0.000197139,-0.00147248,0.000127165,-0.012419323,0.0006038,0.000197139,-0.028554902,0.020376107,0.020870962,0.020019504,0.02015105,0.021527369,0.021880791,0.021786862,0.02207173,0.056500557,0.048384392,0.088281789,0.095314148,0.957200694,0.949681897,0.965876229,0.960670908,1,1,NA,1,NA,NA,0.034123771,0.646616541,NA,NA,0.021399653,1,0.3458
136,Cond136,0.9,0,0.6,0.3,30,80,1,PSMMA,0.13907615,0.186941321,0.015341696,0.055766193,-0.001297299,-0.002669121,0.001312197,0.000337692,-0.00066094,-0.004663989,-0.007138927,0.085531429,0.079134267,-0.011851986,0.020424209,0.021280469,0.019917288,0.020973476,0.021514311,0.021749906,0.021683426,0.021862479,0.053373062,0.022059534,0.08867364,0.042387018,0.956521739,0.95101041,0.965707287,0.957746479,1,1,NA,1,NA,0.0955297,NA,0.71647275,NA,0.083894672,NA,1,0.3266
137,Cond137,0.45,0,0,0,30,120,1,PSMMA,-3.14E-05,0.31159083,-3.49E-05,0.102981445,0.000230815,-0.002768009,-0.000151133,-2.68E-05,-8.56E-05,0.000230815,-0.004441737,-0.000151133,-2.68E-05,-0.000831357,0.019509226,0.017610216,0.016384132,0.018350988,0.018939761,0.017617627,0.017127828,0.018105215,-0.02918956,0.000420814,0.045391208,-0.013392908,0.935832733,0.94592646,0.955299207,0.947728911,1,NA,0.064167267,1,NA,NA,0.044700793,0.998918529,NA,NA,0,1,0.5548
138,Cond138,0.45,0,0,0.3,30,120,1,PSMMA,-0.000175538,0.314431253,0.082425475,0.103888812,0.000410684,-0.007417911,-0.000885363,3.26720910555855e-05,-0.001029939,0.000410684,-0.011795759,-0.010741373,3.26720910555855e-05,-0.009913859,0.019661234,0.018012458,0.015940347,0.018651192,0.018953595,0.017584811,0.016987533,0.018059853,-0.035991592,-0.023741754,0.065694019,-0.031705163,0.938917337,0.935625457,0.954645208,0.934528164,1,NA,0.062179956,1,NA,0.997805413,NA,0.998902707,NA,NA,0.041331383,1,0.5468
139,Cond139,0.45,0,0.6,0,30,120,1,PSMMA,0.31341641,0.311378169,0.000162267,0.103796472,-0.003625196,-0.002171025,0.000919904,0.000566591,-0.000757332,-0.005783354,-0.003486154,0.000919904,0.000566591,-0.007296313,0.018056036,0.018531855,0.017077557,0.017954868,0.017242172,0.018694046,0.018213808,0.017838148,-0.045074349,0.008751985,0.066534703,-0.00650078,0.93318649,0.945301028,0.959985316,0.946035242,1,1,NA,1,NA,NA,0.040748899,0.999632893,NA,NA,0.041483113,1,0.5448
140,Cond140,0.45,0,0.6,0.3,30,120,1,PSMMA,0.313075165,0.379137254,0.081978703,0.102538664,-0.004004068,-0.004473227,0.001027646,0.000300198,-0.000750346,-0.006394739,-0.005899219,0.012535519,0.005848287,-0.007317686,0.017724434,0.017762373,0.016273114,0.01735934,0.017205173,0.017838782,0.017579395,0.01671326,-0.02929631,0.004301767,0.080272383,-0.037218001,0.941524796,0.940784604,0.96669134,0.9411547,1,1,NA,1,NA,0.996669134,NA,0.999259808,NA,0.996669134,NA,1,0.5404
141,Cond141,0.9,0,0,0,30,120,1,PSMMA,0.000337966,0.14122872,-0.000144589,0.050517166,0.000207717,-0.000158713,-3.16E-07,-2.88E-06,4.12835776109974e-05,0.000207717,-0.000561901,-3.16E-07,-2.88E-06,0.000817219,0.017102273,0.017241141,0.016754137,0.018302501,0.01789274,0.017831808,0.017599179,0.01825173,0.046220007,0.034259111,0.05043784,-0.002774016,0.951578947,0.956315789,0.956842105,0.947368421,1,NA,0.047368421,1,NA,NA,0.043157895,0.792105263,NA,NA,0,1,0.38
142,Cond142,0.9,0,0,0.3,30,120,1,PSMMA,0.000194803,0.141004154,0.015443525,0.051205753,-0.000472156,-0.000298039,0.000973887,-1.25E-05,-0.000461792,-0.000472156,-0.001056846,0.063061196,-1.25E-05,-0.009018358,0.016934319,0.016902672,0.01634939,0.017648043,0.017962771,0.017858869,0.017563026,0.018309257,0.060731802,0.056570814,0.074231252,0.037466702,0.962418301,0.961873638,0.964052288,0.954793028,1,NA,0.037581699,1,NA,0.144880174,NA,0.801198257,NA,NA,0.000544662,1,0.3672
143,Cond143,0.9,0,0.6,0,30,120,1,PSMMA,0.139693607,0.14208882,0.00019652,0.051125457,-0.000168985,-0.001034348,-0.000811606,-0.00021457,-0.00034268,-0.000604843,-0.003639793,-0.000811606,-0.00021457,-0.006702727,0.01637452,0.017538807,0.016563019,0.017448446,0.017674897,0.018047933,0.01782179,0.018287037,0.079414671,0.029028584,0.075998891,0.04806106,0.969537815,0.956407563,0.961134454,0.957457983,1,1,NA,1,NA,NA,0.038865546,0.809348739,NA,NA,0.034138655,1,0.3808
144,Cond144,0.9,0,0.6,0.3,30,120,1,PSMMA,0.139074542,0.187356074,0.015534181,0.055058818,3.38539971296192e-05,-0.003586839,0.000326655,7.51389782835008e-05,0.000581526,0.000121712,-0.009572251,0.021028169,0.017389989,0.010561899,0.016892789,0.017405732,0.016302726,0.017603796,0.017668277,0.017930255,0.017701865,0.018075569,0.045906486,0.030135032,0.085822404,0.02679953,0.956326988,0.955767077,0.962486002,0.952967525,1,1,NA,1,NA,0.127659574,NA,0.858902576,NA,0.118141097,NA,1,0.3572
145,Cond145,0.45,0,0,0,5,80,1.5,PSMMA,0.000169065,0.299754219,-0.000184364,0.099550215,0.006818753,0.002175651,0.001147571,-0.000179356,0.002266369,0.006818753,0.003629057,0.001147571,-0.000179356,0.022766084,0.055867814,0.067350694,0.049066234,0.087681212,0.058206246,0.061916889,0.055795815,0.074843237,0.041856518,-0.080679276,0.137152978,-0.146416482,0.941737288,0.949152542,0.974576271,0.938559322,1,NA,0.058262712,0.977754237,NA,NA,0.025423729,0.389830508,NA,NA,0,1,0.1888
146,Cond146,0.45,0,0,0.3,5,80,1.5,PSMMA,-0.000299755,0.299643175,0.110209824,0.099947874,0.009830673,-0.008297735,-0.000578098,0.000829158,-0.005181094,0.009830673,-0.013846027,-0.00524543,0.000829158,-0.051837958,0.057339566,0.061674917,0.049175839,0.078935468,0.058358427,0.060476954,0.055432898,0.073130498,0.017768885,-0.019423837,0.127238493,-0.073540706,0.942424242,0.942424242,0.968686869,0.941414141,1,NA,0.058585859,0.97979798,NA,0.518181818,NA,0.36969697,NA,NA,0.007070707,1,0.198
147,Cond147,0.45,0,0.6,0,5,80,1.5,PSMMA,0.300108438,0.299083719,0.000215937,0.099632472,-0.01628315,0.002551292,-0.001845997,-0.00137413,-0.004113616,-0.027128777,0.00426518,-0.001845997,-0.00137413,-0.041287905,0.050026162,0.064476679,0.052995831,0.081054595,0.052906658,0.064414625,0.058681971,0.072032043,0.057579795,-0.000962439,0.107294099,-0.111314501,0.955208333,0.936458333,0.958333333,0.922916667,1,1,NA,0.976041667,NA,NA,0.041666667,0.385416667,NA,NA,0.029166667,1,0.192
148,Cond148,0.45,0,0.6,0.3,5,80,1.5,PSMMA,0.299729293,0.357966423,0.110155838,0.099954645,-0.010135837,-0.020057632,0.002673643,0.000319955,0.004065807,-0.016908318,-0.02801608,0.024271461,0.004845323,0.040676519,0.051832097,0.063906293,0.052020883,0.080493089,0.053241052,0.061084238,0.056871698,0.068730344,0.027183057,-0.044159256,0.093247455,-0.146133605,0.944444444,0.944444444,0.960648148,0.949074074,1,1,NA,0.99537037,NA,0.513888889,NA,0.434027778,NA,0.475694444,NA,1,0.1728
149,Cond149,0.9,0,0,0,5,80,1.5,PSMMA,-9.12E-05,0.140376804,4.18979356186646e-05,0.050395425,0.00465772,-0.009625205,0.002616651,3.33134320500624e-05,0.001117749,0.00465772,-0.034283462,0.002616651,3.33134320500624e-05,0.022179579,0.052968696,0.06311064,0.050252982,0.082504827,0.057000817,0.06365393,0.057378992,0.075932069,0.076122723,0.008608519,0.141802732,-0.079665132,0.951140065,0.958740499,0.966340934,0.959826276,1,NA,0.048859935,0.626492942,NA,NA,0.033659066,0.133550489,NA,NA,0,1,0.1842
150,Cond150,0.9,0,0,0.3,5,80,1.5,PSMMA,-0.001161059,0.141556029,0.072789935,0.050889675,0.00791117,-0.006023327,-0.00187836,0.00027684,-0.006574989,0.00791117,-0.021275418,-0.025805217,0.00027684,-0.129200852,0.050191325,0.061211649,0.049550412,0.080425083,0.056615677,0.062820057,0.056484001,0.076067317,0.127997276,0.026276183,0.139929995,-0.054184167,0.96834817,0.954500495,0.963402572,0.948565776,1,NA,0.03165183,0.633036597,NA,0.229475767,NA,0.1256182,NA,NA,0.00098912,1,0.2022
151,Cond151,0.9,0,0.6,0,5,80,1.5,PSMMA,0.138496713,0.140865404,0.000117001,0.05156537,-0.004767876,-0.008239877,0.001844642,0.000331039,-0.004702617,-0.017212957,-0.029247342,0.001844642,0.000331039,-0.091197186,0.048264524,0.06549089,0.05101471,0.083514471,0.055224851,0.063471295,0.057663254,0.075155724,0.144212061,-0.030837794,0.130326001,-0.100087411,0.968652038,0.947753396,0.962382445,0.958202717,1,0.694879833,NA,0.612330199,NA,NA,0.037617555,0.115987461,NA,NA,0.004179728,1,0.1914
152,Cond152,0.9,0,0.6,0.3,5,80,1.5,PSMMA,0.13861824,0.178448909,0.072670577,0.055274686,-0.000609332,-0.0089149,-0.001496892,-0.000440978,0.002582143,-0.002197878,-0.024978858,-0.020598318,-0.021888117,0.046714745,0.049729889,0.061902199,0.049573351,0.073983333,0.055976404,0.062325649,0.056065747,0.071632957,0.125608855,0.006840618,0.13096544,-0.031768994,0.961885657,0.962888666,0.959879639,0.951855567,0.990972919,0.710130391,NA,0.80441324,NA,0.23671013,NA,0.174523571,NA,0.058174524,NA,1,0.1994
153,Cond153,0.45,0,0,0,5,120,1.5,PSMMA,0.000178858,0.299959878,-0.000570406,0.099914309,0.003358456,-0.010541084,0.001553927,-9.78E-05,-0.001473377,0.003358456,-0.017570823,0.001553927,-9.78E-05,-0.014746406,0.047549766,0.051418684,0.040605925,0.064329177,0.048658585,0.050595403,0.045867504,0.05937349,0.02331911,-0.016011318,0.12957662,-0.077036383,0.93640553,0.947465438,0.963133641,0.94562212,1,NA,0.06359447,0.988940092,NA,NA,0.0359447,0.494930876,NA,NA,0,1,0.217
154,Cond154,0.45,0,0,0.3,5,120,1.5,PSMMA,-0.000349839,0.301531299,0.11019055,0.09969319,0.001669772,-0.017377986,-0.000746095,0.000133554,-0.001804751,0.001669772,-0.028816222,-0.00677095,0.000133554,-0.018103057,0.048481378,0.051730912,0.040205652,0.065509073,0.04849206,0.050594294,0.045280029,0.059805123,0.000220331,-0.021971722,0.126210561,-0.087071141,0.93220339,0.933200399,0.969092722,0.939182453,1,NA,0.066799601,0.986041874,NA,0.697906281,NA,0.512462612,NA,NA,0.011964108,1,0.2006
155,Cond155,0.45,0,0.6,0,5,120,1.5,PSMMA,0.299465034,0.301669172,5.7072628032894e-05,0.099985868,-0.005459547,-0.009564953,0.001220399,0.000502636,-0.000162438,-0.009115501,-0.015853382,0.001220399,0.000502636,-0.001624606,0.044277914,0.055317243,0.043729979,0.064155865,0.044690354,0.052870826,0.048711671,0.060154849,0.009314788,-0.044225202,0.113919368,-0.062364003,0.942829457,0.93120155,0.959302326,0.940891473,1,1,NA,0.994186047,NA,NA,0.040697674,0.489341085,NA,NA,0.032945736,1,0.2064
156,Cond156,0.45,0,0.6,0.3,5,120,1.5,PSMMA,0.300389549,0.356418729,0.110207945,0.099856017,-0.008482699,-0.009377498,-0.001147643,-0.001665916,-0.002983172,-0.014119497,-0.01315517,-0.010413428,-0.025160855,-0.029874732,0.04456337,0.050262735,0.041888474,0.064219996,0.044802072,0.050036809,0.047004094,0.056142386,0.005356459,-0.004494889,0.122124767,-0.125780284,0.94217348,0.949152542,0.962113659,0.936191426,1,1,NA,0.997008973,NA,0.634097707,NA,0.536390828,NA,0.620139581,NA,1,0.2006
157,Cond157,0.9,0,0,0,5,120,1.5,PSMMA,0.000237677,0.141063479,-0.000115637,0.05077529,0.000260948,-0.003143111,0.002613605,-5.97E-05,-0.004735566,0.000260948,-0.011140767,0.002613605,-5.97E-05,-0.093265165,0.042302973,0.049220471,0.042157741,0.066940168,0.046732136,0.052689695,0.046696229,0.064721946,0.104700987,0.070483358,0.107654931,-0.033137389,0.961538462,0.952747253,0.964835165,0.947252747,1,NA,0.038461538,0.772527473,NA,NA,0.034065934,0.173626374,NA,NA,0,1,0.182
158,Cond158,0.9,0,0,0.3,5,120,1.5,PSMMA,-0.000222193,0.140097506,0.073595443,0.050900496,0.003263934,-0.003113796,-0.00184157,0.000193843,0.000243316,0.003263934,-0.011112959,-0.025022879,0.000193843,0.004780232,0.041949218,0.049621503,0.039606101,0.067144731,0.046648071,0.052374052,0.046231751,0.064254845,0.112012894,0.055470894,0.167288607,-0.043039657,0.961661342,0.948881789,0.968051118,0.95314164,1,NA,0.038338658,0.77742279,NA,0.329073482,NA,0.185303514,NA,NA,0.001064963,1,0.1878
159,Cond159,0.9,0,0.6,0,5,120,1.5,PSMMA,0.13867833,0.140443282,0.000251084,0.050390183,0.002997013,-0.007655711,0.001458,0.000668118,-1.94E-06,0.010805629,-0.027255527,0.001458,0.000668118,-3.86E-05,0.042360453,0.051443314,0.040670261,0.065783431,0.046137921,0.052271907,0.047498752,0.061656714,0.08917441,0.016106924,0.167898863,-0.062731856,0.954148472,0.949781659,0.970524017,0.956331878,1,0.8569869,NA,0.766375546,NA,NA,0.029475983,0.164847162,NA,NA,0.005458515,1,0.1832
160,Cond160,0.9,0,0.6,0.3,5,120,1.5,PSMMA,0.138749162,0.178003415,0.07263621,0.054619113,-0.001008019,-0.013421783,0.002025379,0.000447243,-0.003177027,-0.003632522,-0.037700916,0.02788387,0.022188605,-0.058166941,0.042028848,0.053262954,0.043279517,0.078492901,0.045964406,0.053478584,0.046823954,0.061897708,0.093639447,0.0040484,0.081896401,-0.211422845,0.957928803,0.959007551,0.956850054,0.959007551,0.996763754,0.84789644,NA,0.897518878,NA,0.352750809,NA,0.207119741,NA,0.165048544,NA,1,0.1854
161,Cond161,0.45,0,0,0,10,80,1.5,PSMMA,0.00021205,0.299110053,-0.000236133,0.100374736,-4.91E-05,-0.01171159,0.000421789,-0.000197776,-0.001093882,-4.91E-05,-0.019577393,0.000421789,-0.000197776,-0.010897979,0.039425789,0.038843691,0.036331399,0.044906885,0.04050367,0.039049288,0.038328724,0.043061455,0.027339496,0.005292934,0.054975187,-0.041094572,0.950649351,0.948051948,0.953896104,0.948051948,1,NA,0.050649351,1,NA,NA,0.045454545,0.677922078,NA,NA,0,1,0.308
162,Cond162,0.45,0,0,0.3,10,80,1.5,PSMMA,0.000520672,0.30120894,0.110328231,0.099689292,-0.001186548,-0.015391515,-0.002272253,-0.000194663,0.002407308,-0.001186548,-0.025549566,-0.020595394,-0.000194663,0.024148108,0.038942272,0.037798667,0.034861944,0.043024522,0.040365454,0.039183858,0.038028725,0.0424832,0.036545936,0.036646559,0.090837784,-0.01258171,0.951897019,0.945121951,0.964769648,0.952574526,1,NA,0.047425474,1,NA,0.808943089,NA,0.705284553,NA,NA,0.009485095,1,0.2952
163,Cond163,0.45,0,0.6,0,10,80,1.5,PSMMA,0.299988175,0.299960623,-0.000151942,0.099510266,-0.006490106,-0.006282379,0.001379408,0.000912336,-0.003089724,-0.01081727,-0.010472006,0.001379408,0.000912336,-0.031049301,0.036264532,0.039985157,0.038522336,0.042769391,0.036964026,0.041247297,0.040672389,0.042022754,0.019288647,0.031565198,0.055813151,-0.017457277,0.948994253,0.952586207,0.94683908,0.951867816,1,1,NA,1,NA,NA,0.05387931,0.665948276,NA,NA,0.048132184,1,0.2784
164,Cond164,0.45,0,0.6,0.3,10,80,1.5,PSMMA,0.30013789,0.357385799,0.110245461,0.100054448,-0.010079622,-0.010212737,0.001790769,-0.000134073,0.000784969,-0.016791652,-0.014288112,0.016243473,-0.002025953,0.007845423,0.036316193,0.037069033,0.035258391,0.041144555,0.036813706,0.038580796,0.038661163,0.038780268,0.013699496,0.040782361,0.096509541,-0.05746292,0.941298343,0.94820442,0.96339779,0.94820442,1,1,NA,1,NA,0.827348066,NA,0.745856354,NA,0.820441989,NA,1,0.2896
165,Cond165,0.9,0,0,0,10,80,1.5,PSMMA,-5.52E-05,0.140725463,-0.000196348,0.050673526,-0.000887714,-0.007561548,0.002209353,-8.44E-05,-0.002924408,-0.000887714,-0.026866312,0.002209353,-8.44E-05,-0.057710775,0.037511029,0.037182704,0.03590509,0.043100564,0.039766272,0.039982146,0.039691422,0.043179682,0.060122139,0.075288801,0.105453904,0.001835661,0.957680251,0.963949843,0.95846395,0.950626959,1,NA,0.042319749,0.931034483,NA,NA,0.04153605,0.221786834,NA,NA,0,1,0.2552
166,Cond166,0.9,0,0,0.3,10,80,1.5,PSMMA,0.000138625,0.140698733,0.072576257,0.050401761,0.003463548,-0.000766705,0.000517662,0.000293024,0.002107079,0.003463548,-0.002724632,0.007132657,0.000293024,0.041805666,0.036385017,0.037104399,0.037287195,0.041693168,0.039652033,0.040318853,0.039190435,0.043705057,0.089790138,0.086632711,0.051042741,0.048254638,0.957153787,0.958684009,0.949502678,0.970925784,1,NA,0.043611324,0.933435348,NA,0.452945677,NA,0.248661056,NA,NA,0.002295333,1,0.2614
167,Cond167,0.9,0,0.6,0,10,80,1.5,PSMMA,0.138701175,0.140104858,-0.000329046,0.051101826,-0.001265113,-0.002219958,0.00289995,0.0007429,-0.000861215,-0.00456057,-0.007922487,0.00289995,0.0007429,-0.016852928,0.035578231,0.03795299,0.035869697,0.041477112,0.03851367,0.040708921,0.039937465,0.043740751,0.082506615,0.072614334,0.113404023,0.054575625,0.956306678,0.957955482,0.960428689,0.957955482,1,0.952184666,NA,0.920032976,NA,NA,0.037922506,0.244023083,NA,NA,0.012366035,1,0.2426
168,Cond168,0.9,0,0.6,0.3,10,80,1.5,PSMMA,0.138762333,0.177395041,0.07238824,0.055137833,-0.001879927,-0.004473489,0.000737875,3.39154499275003e-05,-4.42E-05,-0.006773911,-0.012608835,0.010193304,0.001688216,-0.000801109,0.03596624,0.038430596,0.036868124,0.042848547,0.038907339,0.040534454,0.039307598,0.043532672,0.081773878,0.054744334,0.066167562,0.015966109,0.960737179,0.949519231,0.955929487,0.959134615,0.998397436,0.946314103,NA,0.981570513,NA,0.453525641,NA,0.27724359,NA,0.294070513,NA,1,0.2496
169,Cond169,0.45,0,0,0,10,120,1.5,PSMMA,-0.000385838,0.300611369,-0.000174137,0.10040204,0.000927911,-0.007898721,-6.69E-05,-2.55E-05,-0.001855729,0.000927911,-0.013137762,-6.69E-05,-2.55E-05,-0.018482978,0.032964994,0.032381549,0.028420131,0.036725639,0.03358349,0.032284458,0.031324946,0.034687172,0.018762197,-0.002998341,0.102209736,-0.055505278,0.944735311,0.942408377,0.966259453,0.945317045,1,NA,0.053519488,1,NA,NA,0.03432228,0.802792321,NA,NA,0,1,0.3438
170,Cond170,0.45,0,0,0.3,10,120,1.5,PSMMA,-0.000306236,0.300396147,0.10978185,0.100159077,0.000149905,-0.006810549,-7.07E-05,-4.34E-05,-0.002712643,0.000149905,-0.011335947,-0.000644084,-4.34E-05,-0.02708335,0.032945316,0.03240903,0.028684479,0.035165268,0.033552876,0.032597073,0.031131362,0.035204742,0.018441463,0.00580217,0.085303378,0.00112252,0.948398577,0.940688019,0.963819692,0.943653618,1,NA,0.051008304,1,NA,0.940094899,NA,0.787069988,NA,NA,0.017200474,1,0.3372
171,Cond171,0.45,0,0.6,0,10,120,1.5,PSMMA,0.300071734,0.300725677,-1.84E-05,0.099903995,-0.004479933,-0.005498512,0.000727327,0.000365293,-0.00055703,-0.00746477,-0.009142072,0.000727327,0.000365293,-0.00557565,0.030316234,0.032949545,0.030149874,0.035376298,0.030898559,0.034018759,0.033245834,0.034471626,0.019208373,0.032450033,0.102685664,-0.025572816,0.941987364,0.955198162,0.963239518,0.951751867,1,1,NA,1,NA,NA,0.036760482,0.805858702,NA,NA,0.03388857,1,0.3482
172,Cond172,0.45,0,0.6,0.3,10,120,1.5,PSMMA,0.299710298,0.35676472,0.110103231,0.100263117,-0.005533813,-0.0056618,0.001456541,0.000274019,0.000337496,-0.009231936,-0.007934921,0.013228871,0.004151922,0.003366108,0.029887059,0.032740167,0.028915606,0.034374749,0.03062113,0.032175058,0.031764311,0.032216584,0.024561505,-0.017260427,0.098517895,-0.062783458,0.94376392,0.942093541,0.962138085,0.932071269,1,1,NA,1,NA,0.944877506,NA,0.848552339,NA,0.942650334,NA,1,0.3592
173,Cond173,0.9,0,0,0,10,120,1.5,PSMMA,0.000315393,0.140733741,6.47339755400613e-05,0.050595345,0.002350025,-0.003087096,0.000868977,-5.18E-05,-0.002042121,0.002350025,-0.010967862,0.000868977,-5.18E-05,-0.04036184,0.029882097,0.032125463,0.030127897,0.035560122,0.032263776,0.033213536,0.032145402,0.035620237,0.079702522,0.033869495,0.066964671,0.001690504,0.960831335,0.948840927,0.957633893,0.944844125,1,NA,0.038369305,0.975219824,NA,NA,0.043165468,0.323741007,NA,NA,0,1,0.2502
174,Cond174,0.9,0,0,0.3,10,120,1.5,PSMMA,3.66350823349323e-05,0.140382102,0.072674296,0.050661119,0.001190638,-0.002738609,-0.000420616,2.39002949009665e-05,9.21620507740614e-05,0.001190638,-0.009754124,-0.005787686,2.39002949009665e-05,0.001819187,0.030088018,0.031883056,0.029288186,0.034511368,0.032320865,0.032953252,0.032143995,0.035446223,0.074210505,0.033566306,0.0975072,0.027088315,0.96091954,0.952490421,0.963218391,0.955555556,1,NA,0.038314176,0.983141762,NA,0.633716475,NA,0.354789272,NA,NA,0.003065134,1,0.261
175,Cond175,0.9,0,0.6,0,10,120,1.5,PSMMA,0.138655668,0.140779991,0.000108593,0.050982754,-0.004174365,-0.0015139,0.00134756,0.000393112,-0.00061103,-0.01505299,-0.005376829,0.00134756,0.000393112,-0.011985029,0.029788921,0.031473424,0.030457013,0.036078209,0.031860207,0.033681253,0.032559426,0.036179247,0.069532086,0.070148991,0.069028887,0.002800525,0.955190441,0.959671397,0.959671397,0.961911875,1,0.994025392,NA,0.980582524,NA,NA,0.041075429,0.334578043,NA,NA,0.017176998,1,0.2678
176,Cond176,0.9,0,0.6,0.3,10,120,1.5,PSMMA,0.138405996,0.179568456,0.073022745,0.055482483,-0.001099482,-0.00632859,0.001567906,0.000392439,-0.001852082,-0.003971947,-0.017621665,0.021471468,0.019414653,-0.033381381,0.02936827,0.031258807,0.029775817,0.035167111,0.0317789,0.03333346,0.032288768,0.035731397,0.082082822,0.066370187,0.084395705,0.016045835,0.964622642,0.949685535,0.960691824,0.94418239,1,0.992138365,NA,0.998427673,NA,0.65172956,NA,0.378144654,NA,0.541666667,NA,1,0.2544
177,Cond177,0.45,0,0,0,30,80,1.5,PSMMA,-0.000207102,0.300299665,1.02239378443732e-05,0.099754837,0.000311177,-0.007059944,-4.42E-05,-5.97E-06,-0.00069102,0.000311177,-0.011754832,-4.42E-05,-5.97E-06,-0.006927181,0.022050484,0.020385116,0.020011877,0.021307424,0.022540003,0.02097475,0.021244913,0.021479275,0.022199913,0.028924728,0.061615203,0.00806531,0.952287066,0.955835962,0.96214511,0.947555205,1,NA,0.047318612,1,NA,NA,0.03785489,0.988170347,NA,NA,0,1,0.5072
178,Cond178,0.45,0,0,0.3,30,80,1.5,PSMMA,0.000596508,0.300873187,0.109666668,0.100423679,5.2820117652522e-05,-0.009232431,-0.000393337,-8.20E-06,-0.00106805,5.2820117652522e-05,-0.015342727,-0.003586661,-8.20E-06,-0.010635443,0.023843039,0.020866276,0.020453719,0.020958041,0.022624898,0.020945865,0.021072818,0.021542704,-0.051090003,0.003814266,0.030268255,0.027896829,0.936925647,0.948621554,0.95572264,0.95154553,1,NA,0.06182122,1,NA,0.998746867,NA,0.99122807,NA,NA,0.043024227,1,0.4788
179,Cond179,0.45,0,0.6,0,30,80,1.5,PSMMA,0.299785957,0.299219075,-0.000271748,0.100179521,-0.006048363,-0.003476863,0.001124513,0.000640182,-0.000809926,-0.010087802,-0.005809895,0.001124513,0.000640182,-0.008084749,0.020849937,0.021973115,0.021829749,0.021472122,0.020663287,0.022157329,0.022371491,0.021352564,-0.008952065,0.008383594,0.024816678,-0.005568073,0.941775244,0.947068404,0.953175896,0.947882736,1,1,NA,1,NA,NA,0.046824104,0.991856678,NA,NA,0.044788274,1,0.4912
180,Cond180,0.45,0,0.6,0.3,30,80,1.5,PSMMA,0.299770836,0.355729354,0.110439464,0.100064096,-0.005329515,-0.003616107,0.000115907,-0.000553712,-0.00024999,-0.008889315,-0.005082665,0.00104951,-0.008362574,-0.002498302,0.020520693,0.020769719,0.020679951,0.019871462,0.020693084,0.021246095,0.021607339,0.020103159,0.008400843,0.022936108,0.044844767,0.011659775,0.944223108,0.95042054,0.957060646,0.950863214,1,1,NA,1,NA,0.999557326,NA,0.996015936,NA,0.999557326,NA,1,0.4518
181,Cond181,0.9,0,0,0,30,80,1.5,PSMMA,0.000170348,0.139492625,0.000317941,0.050790077,7.30630054454638e-05,0.001204488,-0.000421181,2.59695402528977e-06,-0.000729431,7.30630054454638e-05,0.00431739,-0.000421181,2.59695402528977e-06,-0.014361674,0.020639532,0.020556848,0.02134271,0.021644474,0.021971527,0.021737068,0.021913364,0.022303534,0.064536128,0.057412483,0.026737627,0.030449325,0.957446809,0.958484691,0.955889984,0.95433316,1,NA,0.042553191,1,NA,NA,0.043591074,0.632070576,NA,NA,0,1,0.3854
182,Cond182,0.9,0,0,0.3,30,80,1.5,PSMMA,-5.32E-05,0.140552945,0.073127161,0.051128423,0.001027241,-0.002685373,-0.00100796,4.70450160361575e-05,-0.001282844,0.001027241,-0.009552889,-0.01378366,4.70450160361575e-05,-0.025090629,0.021099673,0.02096923,0.020919207,0.021826116,0.021920273,0.02168576,0.021892617,0.022296422,0.038891605,0.034170551,0.046531881,0.021547846,0.952904239,0.950287807,0.954474097,0.95552067,1,NA,0.047095761,1,NA,0.913134485,NA,0.631606489,NA,NA,0.009942439,1,0.3822
183,Cond183,0.9,0,0.6,0,30,80,1.5,PSMMA,0.139214305,0.140051403,-0.000215205,0.051212709,-0.001908158,-0.001370461,0.00117521,0.000345319,-0.001628259,-0.006853311,-0.004892707,0.00117521,0.000345319,-0.031794041,0.020194672,0.021940178,0.021391707,0.020941913,0.021621645,0.021980748,0.022169508,0.022224232,0.070660825,0.001849119,0.036359935,0.061232146,0.959612278,0.952073236,0.960689284,0.963381799,1,1,NA,1,NA,NA,0.039310716,0.613893376,NA,NA,0.028540657,1,0.3714
184,Cond184,0.9,0,0.6,0.3,30,80,1.5,PSMMA,0.13854352,0.178982949,0.072138241,0.055539358,0.000980187,-0.00521928,0.00015168,0.000116131,-0.000782827,0.00353747,-0.014580384,0.002102633,0.00580988,-0.014094987,0.02021089,0.020351,0.021065116,0.021311151,0.021477357,0.021734588,0.021918023,0.022087499,0.062662582,0.067986224,0.040489098,0.036429226,0.958713137,0.958713137,0.952815013,0.958176944,0.999463807,1,NA,1,NA,0.913136729,NA,0.724932976,NA,0.900268097,NA,1,0.373
185,Cond185,0.45,0,0,0,30,120,1.5,PSMMA,-0.000196921,0.299002558,0.000334565,0.100229856,0.00052834,-0.002127115,-0.000316343,-1.64E-05,-0.001087557,0.00052834,-0.003557018,-0.000316343,-1.64E-05,-0.010850628,0.019888953,0.017891989,0.016466316,0.018532842,0.018866285,0.017725162,0.017402329,0.018174492,-0.051418932,-0.009324132,0.056844114,-0.019335909,0.934857935,0.947331947,0.955994456,0.942134442,1,NA,0.066874567,1,NA,NA,0.043659044,0.998960499,NA,NA,0.0003465,1,0.5772
186,Cond186,0.45,0,0,0.3,30,120,1.5,PSMMA,-0.00028668,0.299150176,0.1104058,0.100113624,-2.86E-05,-0.002944127,-0.001335622,-2.16E-05,-0.000617698,-2.86E-05,-0.004920818,-0.012097387,-2.16E-05,-0.006169965,0.018487158,0.01737889,0.01649779,0.017825169,0.018928453,0.017622258,0.017280482,0.018081496,0.02387035,0.01400368,0.047442262,0.014380029,0.951977401,0.950918079,0.957980226,0.951271186,1,NA,0.047316384,1,NA,1,NA,0.997175141,NA,NA,0.037429379,1,0.5664
187,Cond187,0.45,0,0.6,0,30,120,1.5,PSMMA,0.300173381,0.299647758,-0.000363906,0.10031815,-0.004229603,-0.004260773,0.00191511,0.001112013,-0.001260991,-0.007045267,-0.007109635,0.00191511,0.001112013,-0.012569923,0.017564637,0.018737887,0.017985538,0.018166208,0.017345155,0.018660784,0.018366627,0.017926497,-0.012495642,-0.004114849,0.021188638,-0.013195448,0.935862069,0.943103448,0.946206897,0.946896552,1,1,NA,1,NA,NA,0.053793103,0.998275862,NA,NA,0.052413793,1,0.58
188,Cond188,0.45,0,0.6,0.3,30,120,1.5,PSMMA,0.300118869,0.355094478,0.110694378,0.100132019,-0.004966834,-0.001916937,0.000239905,-0.000426395,-5.38E-05,-0.008274778,-0.002699193,0.002167278,-0.006417456,-0.000537278,0.017794952,0.017652067,0.017014335,0.017440605,0.017375112,0.017808932,0.017652882,0.016801874,-0.023593182,0.008886492,0.037529904,-0.036623256,0.938541667,0.946875,0.953819444,0.936111111,1,1,NA,1,NA,1,NA,0.999305556,NA,1,NA,1,0.576
189,Cond189,0.9,0,0,0,30,120,1.5,PSMMA,0.000241134,0.14042348,-0.000432847,0.050599986,0.000238447,-0.001048953,0.001553711,2.6705375615046e-05,-0.000438665,0.000238447,-0.003734964,0.001553711,2.6705375615046e-05,-0.008669275,0.017481439,0.017179677,0.016919633,0.017759317,0.017929532,0.017877064,0.017852362,0.018264231,0.025632509,0.040593721,0.055126994,0.028430949,0.956281407,0.955276382,0.95678392,0.954271357,1,NA,0.041708543,1,NA,NA,0.04321608,0.789949749,NA,NA,0,1,0.398
190,Cond190,0.9,0,0,0.3,30,120,1.5,PSMMA,8.22510454981327e-05,0.140295714,0.073431987,0.050765721,0.000387596,-0.00083766,-0.000477074,3.99030830731949e-05,-0.00046165,0.000387596,-0.002985336,-0.006496808,3.99030830731949e-05,-0.009093738,0.017507649,0.017355116,0.01680662,0.018343031,0.017972513,0.01778163,0.017843668,0.018354842,0.02655206,0.024575664,0.061704731,0.000643923,0.952884615,0.952403846,0.955769231,0.946153846,1,NA,0.047115385,1,NA,0.986538462,NA,0.789903846,NA,NA,0.022115385,1,0.416
191,Cond191,0.9,0,0.6,0,30,120,1.5,PSMMA,0.138949663,0.139795935,-0.000403688,0.050426107,-0.001818874,0.000227367,0.000367707,8.8069344416475e-05,0.000462179,-0.006545083,0.00081321,0.000367707,8.8069344416475e-05,0.009165467,0.016966218,0.017503263,0.017481392,0.017456064,0.01767916,0.018037694,0.018100591,0.018276781,0.042021238,0.030533225,0.035420463,0.047016144,0.959203497,0.954832443,0.956775134,0.963088878,1,1,NA,1,NA,NA,0.04565323,0.785818358,NA,NA,0.035939777,1,0.4118
192,Cond192,0.9,0,0.6,0.3,30,120,1.5,PSMMA,0.138292775,0.178440459,0.073091689,0.055155585,-0.000200713,-0.001522539,-0.000851993,-0.000286525,1.37872246927088e-05,-0.000725683,-0.004266237,-0.01165649,-0.014173095,0.00024997,0.016676186,0.017005607,0.017061173,0.017955274,0.017675597,0.017882669,0.017965583,0.017999275,0.059930403,0.051574873,0.053009799,0.002450603,0.955686854,0.964057115,0.959133432,0.94534712,0.999507632,1,NA,1,NA,0.980797637,NA,0.860167405,NA,0.978828163,NA,1,0.4062